state,date,gini,year
Johor,1974-01-01,0.439,1974
Johor,1976-01-01,0.469,1976
Johor,1979-01-01,0.442,1979
Johor,1984-01-01,0.404,1984
Johor,1987-01-01,0.386,1987
Johor,1989-01-01,0.381,1989
Johor,1992-01-01,0.423,1992
Johor,1995-01-01,0.399,1995
Johor,1997-01-01,0.397,1997
Johor,1999-01-01,0.386,1999
Johor,2002-01-01,0.408,2002
Johor,2004-01-01,0.395,2004
Johor,2007-01-01,0.368,2007
Johor,2009-01-01,0.393,2009
Johor,2012-01-01,0.383,2012
Johor,2014-01-01,0.324,2014
Johor,2016-01-01,0.354,2016
Johor,2019-01-01,0.366,2019
Johor,2022-01-01,0.366,2022
Kedah,1974-01-01,0.523,1974
Kedah,1976-01-01,0.497,1976
Kedah,1979-01-01,0.468,1979
Kedah,1984-01-01,0.476,1984
Kedah,1987-01-01,0.434,1987
Kedah,1989-01-01,0.428,1989
Kedah,1992-01-01,0.433,1992
Kedah,1995-01-01,0.406,1995
Kedah,1997-01-01,0.429,1997
Kedah,1999-01-01,0.409,1999
Kedah,2002-01-01,0.426,2002
Kedah,2004-01-01,0.387,2004
Kedah,2007-01-01,0.392,2007
Kedah,2009-01-01,0.408,2009
Kedah,2012-01-01,0.391,2012
Kedah,2014-01-01,0.365,2014
Kedah,2016-01-01,0.393,2016
Kedah,2019-01-01,0.354,2019
Kedah,2022-01-01,0.359,2022
Kelantan,1974-01-01,0.612,1974
Kelantan,1976-01-01,0.505,1976
Kelantan,1979-01-01,0.438,1979
Kelantan,1984-01-01,0.464,1984
Kelantan,1987-01-01,0.414,1987
Kelantan,1989-01-01,0.407,1989
Kelantan,1992-01-01,0.451,1992
Kelantan,1995-01-01,0.442,1995
Kelantan,1997-01-01,0.442,1997
Kelantan,1999-01-01,0.424,1999
Kelantan,2002-01-01,0.444,2002
Kelantan,2004-01-01,0.416,2004
Kelantan,2007-01-01,0.405,2007
Kelantan,2009-01-01,0.428,2009
Kelantan,2012-01-01,0.41,2012
Kelantan,2014-01-01,0.393,2014
Kelantan,2016-01-01,0.389,2016
Kelantan,2019-01-01,0.378,2019
Kelantan,2022-01-01,0.385,2022
Melaka,1974-01-01,0.506,1974
Melaka,1976-01-01,0.558,1976
Melaka,1979-01-01,0.472,1979
Melaka,1984-01-01,0.438,1984
Melaka,1987-01-01,0.403,1987
Melaka,1989-01-01,0.396,1989
Melaka,1992-01-01,0.397,1992
Melaka,1995-01-01,0.399,1995
Melaka,1997-01-01,0.371,1997
Melaka,1999-01-01,0.399,1999
Melaka,2002-01-01,0.386,2002
Melaka,2004-01-01,0.352,2004
Melaka,2007-01-01,0.38,2007
Melaka,2009-01-01,0.411,2009
Melaka,2012-01-01,0.355,2012
Melaka,2014-01-01,0.316,2014
Melaka,2016-01-01,0.337,2016
Melaka,2019-01-01,0.383,2019
Melaka,2022-01-01,0.37,2022
Negeri Sembilan,1974-01-01,0.465,1974
Negeri Sembilan,1976-01-01,0.49,1976
Negeri Sembilan,1979-01-01,0.432,1979
Negeri Sembilan,1984-01-01,0.422,1984
Negeri Sembilan,1987-01-01,0.431,1987
Negeri Sembilan,1989-01-01,0.366,1989
Negeri Sembilan,1992-01-01,0.406,1992
Negeri Sembilan,1995-01-01,0.384,1995
Negeri Sembilan,1997-01-01,0.408,1997
Negeri Sembilan,1999-01-01,0.392,1999
Negeri Sembilan,2002-01-01,0.401,2002
Negeri Sembilan,2004-01-01,0.38,2004
Negeri Sembilan,2007-01-01,0.385,2007
Negeri Sembilan,2009-01-01,0.372,2009
Negeri Sembilan,2012-01-01,0.382,2012
Negeri Sembilan,2014-01-01,0.361,2014
Negeri Sembilan,2016-01-01,0.38,2016
Negeri Sembilan,2019-01-01,0.391,2019
Negeri Sembilan,2022-01-01,0.369,2022
Pahang,1974-01-01,0.445,1974
Pahang,1976-01-01,0.384,1976
Pahang,1979-01-01,0.478,1979
Pahang,1984-01-01,0.416,1984
Pahang,1987-01-01,0.372,1987
Pahang,1989-01-01,0.35,1989
Pahang,1992-01-01,0.369,1992
Pahang,1995-01-01,0.373,1995
Pahang,1997-01-01,0.359,1997
Pahang,1999-01-01,0.332,1999
Pahang,2002-01-01,0.404,2002
Pahang,2004-01-01,0.389,2004
Pahang,2007-01-01,0.38,2007
Pahang,2009-01-01,0.382,2009
Pahang,2012-01-01,0.354,2012
Pahang,2014-01-01,0.36,2014
Pahang,2016-01-01,0.324,2016
Pahang,2019-01-01,0.33,2019
Pahang,2022-01-01,0.308,2022
Perak,1974-01-01,0.452,1974
Perak,1976-01-01,0.525,1976
Perak,1979-01-01,0.447,1979
Perak,1984-01-01,0.428,1984
Perak,1987-01-01,0.41,1987
Perak,1989-01-01,0.421,1989
Perak,1992-01-01,0.399,1992
Perak,1995-01-01,0.397,1995
Perak,1997-01-01,0.381,1997
Perak,1999-01-01,0.387,1999
Perak,2002-01-01,0.417,2002
Perak,2004-01-01,0.393,2004
Perak,2007-01-01,0.399,2007
Perak,2009-01-01,0.4,2009
Perak,2012-01-01,0.417,2012
Perak,2014-01-01,0.366,2014
Perak,2016-01-01,0.362,2016
Perak,2019-01-01,0.377,2019
Perak,2022-01-01,0.368,2022
Perlis,1974-01-01,0.425,1974
Perlis,1976-01-01,0.498,1976
Perlis,1979-01-01,0.44,1979
Perlis,1984-01-01,0.459,1984
Perlis,1987-01-01,0.408,1987
Perlis,1989-01-01,0.377,1989
Perlis,1992-01-01,0.415,1992
Perlis,1995-01-01,0.379,1995
Perlis,1997-01-01,0.412,1997
Perlis,1999-01-01,0.394,1999
Perlis,2002-01-01,0.437,2002
Perlis,2004-01-01,0.423,2004
Perlis,2007-01-01,0.454,2007
Perlis,2009-01-01,0.434,2009
Perlis,2012-01-01,0.455,2012
Perlis,2014-01-01,0.346,2014
Perlis,2016-01-01,0.327,2016
Perlis,2019-01-01,0.334,2019
Perlis,2022-01-01,0.336,2022
Pulau Pinang,1974-01-01,0.597,1974
Pulau Pinang,1976-01-01,0.608,1976
Pulau Pinang,1979-01-01,0.492,1979
Pulau Pinang,1984-01-01,0.452,1984
Pulau Pinang,1987-01-01,0.422,1987
Pulau Pinang,1989-01-01,0.406,1989
Pulau Pinang,1992-01-01,0.412,1992
Pulau Pinang,1995-01-01,0.405,1995
Pulau Pinang,1997-01-01,0.398,1997
Pulau Pinang,1999-01-01,0.399,1999
Pulau Pinang,2002-01-01,0.435,2002
Pulau Pinang,2004-01-01,0.398,2004
Pulau Pinang,2007-01-01,0.411,2007
Pulau Pinang,2009-01-01,0.419,2009
Pulau Pinang,2012-01-01,0.37,2012
Pulau Pinang,2014-01-01,0.364,2014
Pulau Pinang,2016-01-01,0.356,2016
Pulau Pinang,2019-01-01,0.359,2019
Pulau Pinang,2022-01-01,0.371,2022
Sabah,1979-01-01,0.49,1979
Sabah,1984-01-01,0.491,1984
Sabah,1987-01-01,0.467,1987
Sabah,1989-01-01,0.459,1989
Sabah,1992-01-01,0.468,1992
Sabah,1995-01-01,0.448,1995
Sabah,1997-01-01,0.454,1997
Sabah,1999-01-01,0.448,1999
Sabah,2002-01-01,0.465,2002
Sabah,2004-01-01,0.477,2004
Sabah,2007-01-01,0.451,2007
Sabah,2009-01-01,0.454,2009
Sabah,2012-01-01,0.427,2012
Sabah,2014-01-01,0.387,2014
Sabah,2016-01-01,0.402,2016
Sabah,2019-01-01,0.397,2019
Sabah,2022-01-01,0.395,2022
Sarawak,1979-01-01,0.501,1979
Sarawak,1984-01-01,0.498,1984
Sarawak,1987-01-01,0.465,1987
Sarawak,1989-01-01,0.441,1989
Sarawak,1992-01-01,0.467,1992
Sarawak,1995-01-01,0.44,1995
Sarawak,1997-01-01,0.447,1997
Sarawak,1999-01-01,0.407,1999
Sarawak,2002-01-01,0.445,2002
Sarawak,2004-01-01,0.44,2004
Sarawak,2007-01-01,0.442,2007
Sarawak,2009-01-01,0.448,2009
Sarawak,2012-01-01,0.44,2012
Sarawak,2014-01-01,0.391,2014
Sarawak,2016-01-01,0.386,2016
Sarawak,2019-01-01,0.387,2019
Sarawak,2022-01-01,0.382,2022
Selangor,1974-01-01,0.507,1974
Selangor,1976-01-01,0.516,1976
Selangor,1979-01-01,0.505,1979
Selangor,1984-01-01,0.481,1984
Selangor,1987-01-01,0.462,1987
Selangor,1989-01-01,0.444,1989
Selangor,1992-01-01,0.446,1992
Selangor,1995-01-01,0.424,1995
Selangor,1997-01-01,0.409,1997
Selangor,1999-01-01,0.394,1999
Selangor,2002-01-01,0.423,2002
Selangor,2004-01-01,0.443,2004
Selangor,2007-01-01,0.418,2007
Selangor,2009-01-01,0.424,2009
Selangor,2012-01-01,0.396,2012
Selangor,2014-01-01,0.379,2014
Selangor,2016-01-01,0.372,2016
Selangor,2019-01-01,0.393,2019
Selangor,2022-01-01,0.361,2022
Terengganu,1974-01-01,0.502,1974
Terengganu,1976-01-01,0.482,1976
Terengganu,1979-01-01,0.458,1979
Terengganu,1984-01-01,0.461,1984
Terengganu,1987-01-01,0.478,1987
Terengganu,1989-01-01,0.459,1989
Terengganu,1992-01-01,0.448,1992
Terengganu,1995-01-01,0.464,1995
Terengganu,1997-01-01,0.466,1997
Terengganu,1999-01-01,0.44,1999
Terengganu,2002-01-01,0.424,2002
Terengganu,2004-01-01,0.443,2004
Terengganu,2007-01-01,0.399,2007
Terengganu,2009-01-01,0.418,2009
Terengganu,2012-01-01,0.426,2012
Terengganu,2014-01-01,0.36,2014
Terengganu,2016-01-01,0.328,2016
Terengganu,2019-01-01,0.335,2019
Terengganu,2022-01-01,0.326,2022
W.P. Kuala Lumpur,1984-01-01,0.486,1984
W.P. Kuala Lumpur,1987-01-01,0.465,1987
W.P. Kuala Lumpur,1989-01-01,0.428,1989
W.P. Kuala Lumpur,1992-01-01,0.443,1992
W.P. Kuala Lumpur,1995-01-01,0.423,1995
W.P. Kuala Lumpur,1997-01-01,0.417,1997
W.P. Kuala Lumpur,1999-01-01,0.414,1999
W.P. Kuala Lumpur,2002-01-01,0.448,2002
W.P. Kuala Lumpur,2004-01-01,0.467,2004
W.P. Kuala Lumpur,2007-01-01,0.446,2007
W.P. Kuala Lumpur,2009-01-01,0.374,2009
W.P. Kuala Lumpur,2012-01-01,0.442,2012
W.P. Kuala Lumpur,2014-01-01,0.407,2014
W.P. Kuala Lumpur,2016-01-01,0.378,2016
W.P. Kuala Lumpur,2019-01-01,0.35,2019
W.P. Kuala Lumpur,2022-01-01,0.38,2022
W.P. Labuan,2007-01-01,0.388,2007
W.P. Labuan,2009-01-01,0.387,2009
W.P. Labuan,2012-01-01,0.383,2012
W.P. Labuan,2014-01-01,0.385,2014
W.P. Labuan,2016-01-01,0.398,2016
W.P. Labuan,2019-01-01,0.333,2019
W.P. Labuan,2022-01-01,0.3,2022
W.P. Putrajaya,2007-01-01,0.362,2007
W.P. Putrajaya,2009-01-01,0.342,2009
W.P. Putrajaya,2012-01-01,0.305,2012
W.P. Putrajaya,2014-01-01,0.374,2014
W.P. Putrajaya,2016-01-01,0.369,2016
W.P. Putrajaya,2019-01-01,0.361,2019
W.P. Putrajaya,2022-01-01,0.368,2022
