state,year,gini
Johor,1974,0.439
Johor,1975,0.45399999999999996
Johor,1976,0.469
Johor,1977,0.45999999999999996
Johor,1978,0.451
Johor,1979,0.442
Johor,1980,0.4344
Johor,1981,0.4268
Johor,1982,0.4192
Johor,1983,0.4116
Johor,1984,0.404
Johor,1985,0.398
Johor,1986,0.392
Johor,1987,0.386
Johor,1988,0.3835
Johor,1989,0.381
Johor,1990,0.395
Johor,1991,0.409
Johor,1992,0.423
Johor,1993,0.415
Johor,1994,0.40700000000000003
Johor,1995,0.399
Johor,1996,0.398
Johor,1997,0.397
Johor,1998,0.3915
Johor,1999,0.386
Johor,2000,0.3933333333333333
Johor,2001,0.40066666666666667
Johor,2002,0.408
Johor,2003,0.40149999999999997
Johor,2004,0.395
Johor,2005,0.386
Johor,2006,0.377
Johor,2007,0.368
Johor,2008,0.3805
Johor,2009,0.393
Johor,2010,0.38966666666666666
Johor,2011,0.38633333333333336
Johor,2012,0.383
Johor,2013,0.35350000000000004
Johor,2014,0.324
Johor,2015,0.33899999999999997
Johor,2016,0.354
Johor,2017,0.358
Johor,2018,0.362
Johor,2019,0.366
Johor,2020,0.366
Johor,2021,0.366
Johor,2022,0.366
Kedah,1974,0.523
Kedah,1975,0.51
Kedah,1976,0.497
Kedah,1977,0.48733333333333334
Kedah,1978,0.4776666666666667
Kedah,1979,0.468
Kedah,1980,0.4696
Kedah,1981,0.4712
Kedah,1982,0.4728
Kedah,1983,0.4744
Kedah,1984,0.476
Kedah,1985,0.46199999999999997
Kedah,1986,0.448
Kedah,1987,0.434
Kedah,1988,0.431
Kedah,1989,0.428
Kedah,1990,0.42966666666666664
Kedah,1991,0.43133333333333335
Kedah,1992,0.433
Kedah,1993,0.424
Kedah,1994,0.41500000000000004
Kedah,1995,0.406
Kedah,1996,0.4175
Kedah,1997,0.429
Kedah,1998,0.419
Kedah,1999,0.409
Kedah,2000,0.41466666666666663
Kedah,2001,0.42033333333333334
Kedah,2002,0.426
Kedah,2003,0.4065
Kedah,2004,0.387
Kedah,2005,0.38866666666666666
Kedah,2006,0.39033333333333337
Kedah,2007,0.392
Kedah,2008,0.4
Kedah,2009,0.408
Kedah,2010,0.4023333333333333
Kedah,2011,0.39666666666666667
Kedah,2012,0.391
Kedah,2013,0.378
Kedah,2014,0.365
Kedah,2015,0.379
Kedah,2016,0.393
Kedah,2017,0.38
Kedah,2018,0.367
Kedah,2019,0.354
Kedah,2020,0.35566666666666663
Kedah,2021,0.35733333333333334
Kedah,2022,0.359
Kelantan,1974,0.612
Kelantan,1975,0.5585
Kelantan,1976,0.505
Kelantan,1977,0.4826666666666667
Kelantan,1978,0.4603333333333333
Kelantan,1979,0.438
Kelantan,1980,0.4432
Kelantan,1981,0.4484
Kelantan,1982,0.4536
Kelantan,1983,0.45880000000000004
Kelantan,1984,0.464
Kelantan,1985,0.44733333333333336
Kelantan,1986,0.43066666666666664
Kelantan,1987,0.414
Kelantan,1988,0.4105
Kelantan,1989,0.407
Kelantan,1990,0.42166666666666663
Kelantan,1991,0.43633333333333335
Kelantan,1992,0.451
Kelantan,1993,0.448
Kelantan,1994,0.445
Kelantan,1995,0.442
Kelantan,1996,0.442
Kelantan,1997,0.442
Kelantan,1998,0.433
Kelantan,1999,0.424
Kelantan,2000,0.43066666666666664
Kelantan,2001,0.43733333333333335
Kelantan,2002,0.444
Kelantan,2003,0.43
Kelantan,2004,0.416
Kelantan,2005,0.41233333333333333
Kelantan,2006,0.4086666666666667
Kelantan,2007,0.405
Kelantan,2008,0.4165
Kelantan,2009,0.428
Kelantan,2010,0.422
Kelantan,2011,0.416
Kelantan,2012,0.41
Kelantan,2013,0.40149999999999997
Kelantan,2014,0.393
Kelantan,2015,0.391
Kelantan,2016,0.389
Kelantan,2017,0.38533333333333336
Kelantan,2018,0.38166666666666665
Kelantan,2019,0.378
Kelantan,2020,0.38033333333333336
Kelantan,2021,0.38266666666666665
Kelantan,2022,0.385
Melaka,1974,0.506
Melaka,1975,0.532
Melaka,1976,0.558
Melaka,1977,0.5293333333333333
Melaka,1978,0.5006666666666667
Melaka,1979,0.472
Melaka,1980,0.4652
Melaka,1981,0.4584
Melaka,1982,0.4516
Melaka,1983,0.4448
Melaka,1984,0.438
Melaka,1985,0.42633333333333334
Melaka,1986,0.4146666666666667
Melaka,1987,0.403
Melaka,1988,0.3995
Melaka,1989,0.396
Melaka,1990,0.39633333333333337
Melaka,1991,0.39666666666666667
Melaka,1992,0.397
Melaka,1993,0.39766666666666667
Melaka,1994,0.3983333333333334
Melaka,1995,0.399
Melaka,1996,0.385
Melaka,1997,0.371
Melaka,1998,0.385
Melaka,1999,0.399
Melaka,2000,0.39466666666666667
Melaka,2001,0.39033333333333337
Melaka,2002,0.386
Melaka,2003,0.369
Melaka,2004,0.352
Melaka,2005,0.36133333333333334
Melaka,2006,0.37066666666666664
Melaka,2007,0.38
Melaka,2008,0.39549999999999996
Melaka,2009,0.411
Melaka,2010,0.3923333333333333
Melaka,2011,0.37366666666666665
Melaka,2012,0.355
Melaka,2013,0.3355
Melaka,2014,0.316
Melaka,2015,0.3265
Melaka,2016,0.337
Melaka,2017,0.35233333333333333
Melaka,2018,0.3676666666666667
Melaka,2019,0.383
Melaka,2020,0.37866666666666665
Melaka,2021,0.37433333333333335
Melaka,2022,0.37
Negeri Sembilan,1974,0.465
Negeri Sembilan,1975,0.47750000000000004
Negeri Sembilan,1976,0.49
Negeri Sembilan,1977,0.4706666666666667
Negeri Sembilan,1978,0.4513333333333333
Negeri Sembilan,1979,0.432
Negeri Sembilan,1980,0.43
Negeri Sembilan,1981,0.428
Negeri Sembilan,1982,0.426
Negeri Sembilan,1983,0.424
Negeri Sembilan,1984,0.422
Negeri Sembilan,1985,0.425
Negeri Sembilan,1986,0.428
Negeri Sembilan,1987,0.431
Negeri Sembilan,1988,0.39849999999999997
Negeri Sembilan,1989,0.366
Negeri Sembilan,1990,0.37933333333333336
Negeri Sembilan,1991,0.39266666666666666
Negeri Sembilan,1992,0.406
Negeri Sembilan,1993,0.39866666666666667
Negeri Sembilan,1994,0.39133333333333337
Negeri Sembilan,1995,0.384
Negeri Sembilan,1996,0.396
Negeri Sembilan,1997,0.408
Negeri Sembilan,1998,0.4
Negeri Sembilan,1999,0.392
Negeri Sembilan,2000,0.395
Negeri Sembilan,2001,0.398
Negeri Sembilan,2002,0.401
Negeri Sembilan,2003,0.3905
Negeri Sembilan,2004,0.38
Negeri Sembilan,2005,0.38166666666666665
Negeri Sembilan,2006,0.38333333333333336
Negeri Sembilan,2007,0.385
Negeri Sembilan,2008,0.3785
Negeri Sembilan,2009,0.372
Negeri Sembilan,2010,0.37533333333333335
Negeri Sembilan,2011,0.37866666666666665
Negeri Sembilan,2012,0.382
Negeri Sembilan,2013,0.3715
Negeri Sembilan,2014,0.361
Negeri Sembilan,2015,0.3705
Negeri Sembilan,2016,0.38
Negeri Sembilan,2017,0.38366666666666666
Negeri Sembilan,2018,0.38733333333333336
Negeri Sembilan,2019,0.391
Negeri Sembilan,2020,0.38366666666666666
Negeri Sembilan,2021,0.37633333333333335
Negeri Sembilan,2022,0.369
Pahang,1974,0.445
Pahang,1975,0.4145
Pahang,1976,0.384
Pahang,1977,0.41533333333333333
Pahang,1978,0.44666666666666666
Pahang,1979,0.478
Pahang,1980,0.46559999999999996
Pahang,1981,0.4532
Pahang,1982,0.44079999999999997
Pahang,1983,0.4284
Pahang,1984,0.416
Pahang,1985,0.4013333333333333
Pahang,1986,0.38666666666666666
Pahang,1987,0.372
Pahang,1988,0.361
Pahang,1989,0.35
Pahang,1990,0.35633333333333334
Pahang,1991,0.36266666666666664
Pahang,1992,0.369
Pahang,1993,0.37033333333333335
Pahang,1994,0.37166666666666665
Pahang,1995,0.373
Pahang,1996,0.366
Pahang,1997,0.359
Pahang,1998,0.34550000000000003
Pahang,1999,0.332
Pahang,2000,0.35600000000000004
Pahang,2001,0.38
Pahang,2002,0.404
Pahang,2003,0.3965
Pahang,2004,0.389
Pahang,2005,0.386
Pahang,2006,0.383
Pahang,2007,0.38
Pahang,2008,0.381
Pahang,2009,0.382
Pahang,2010,0.37266666666666665
Pahang,2011,0.36333333333333334
Pahang,2012,0.354
Pahang,2013,0.357
Pahang,2014,0.36
Pahang,2015,0.34199999999999997
Pahang,2016,0.324
Pahang,2017,0.326
Pahang,2018,0.328
Pahang,2019,0.33
Pahang,2020,0.32266666666666666
Pahang,2021,0.31533333333333335
Pahang,2022,0.308
Perak,1974,0.452
Perak,1975,0.48850000000000005
Perak,1976,0.525
Perak,1977,0.499
Perak,1978,0.47300000000000003
Perak,1979,0.447
Perak,1980,0.4432
Perak,1981,0.4394
Perak,1982,0.4356
Perak,1983,0.4318
Perak,1984,0.428
Perak,1985,0.422
Perak,1986,0.416
Perak,1987,0.41
Perak,1988,0.4155
Perak,1989,0.421
Perak,1990,0.4136666666666667
Perak,1991,0.4063333333333333
Perak,1992,0.399
Perak,1993,0.3983333333333334
Perak,1994,0.39766666666666667
Perak,1995,0.397
Perak,1996,0.389
Perak,1997,0.381
Perak,1998,0.384
Perak,1999,0.387
Perak,2000,0.397
Perak,2001,0.407
Perak,2002,0.417
Perak,2003,0.405
Perak,2004,0.393
Perak,2005,0.395
Perak,2006,0.397
Perak,2007,0.399
Perak,2008,0.3995
Perak,2009,0.4
Perak,2010,0.4056666666666667
Perak,2011,0.41133333333333333
Perak,2012,0.417
Perak,2013,0.39149999999999996
Perak,2014,0.366
Perak,2015,0.364
Perak,2016,0.362
Perak,2017,0.367
Perak,2018,0.372
Perak,2019,0.377
Perak,2020,0.374
Perak,2021,0.371
Perak,2022,0.368
Perlis,1974,0.425
Perlis,1975,0.4615
Perlis,1976,0.498
Perlis,1977,0.4786666666666667
Perlis,1978,0.4593333333333333
Perlis,1979,0.44
Perlis,1980,0.44380000000000003
Perlis,1981,0.4476
Perlis,1982,0.4514
Perlis,1983,0.4552
Perlis,1984,0.459
Perlis,1985,0.442
Perlis,1986,0.425
Perlis,1987,0.408
Perlis,1988,0.39249999999999996
Perlis,1989,0.377
Perlis,1990,0.38966666666666666
Perlis,1991,0.4023333333333333
Perlis,1992,0.415
Perlis,1993,0.40299999999999997
Perlis,1994,0.391
Perlis,1995,0.379
Perlis,1996,0.39549999999999996
Perlis,1997,0.412
Perlis,1998,0.403
Perlis,1999,0.394
Perlis,2000,0.4083333333333333
Perlis,2001,0.4226666666666667
Perlis,2002,0.437
Perlis,2003,0.43
Perlis,2004,0.423
Perlis,2005,0.43333333333333335
Perlis,2006,0.44366666666666665
Perlis,2007,0.454
Perlis,2008,0.444
Perlis,2009,0.434
Perlis,2010,0.441
Perlis,2011,0.448
Perlis,2012,0.455
Perlis,2013,0.40049999999999997
Perlis,2014,0.346
Perlis,2015,0.3365
Perlis,2016,0.327
Perlis,2017,0.32933333333333337
Perlis,2018,0.33166666666666667
Perlis,2019,0.334
Perlis,2020,0.33466666666666667
Perlis,2021,0.33533333333333337
Perlis,2022,0.336
Pulau Pinang,1974,0.597
Pulau Pinang,1975,0.6025
Pulau Pinang,1976,0.608
Pulau Pinang,1977,0.5693333333333334
Pulau Pinang,1978,0.5306666666666666
Pulau Pinang,1979,0.492
Pulau Pinang,1980,0.484
Pulau Pinang,1981,0.476
Pulau Pinang,1982,0.468
Pulau Pinang,1983,0.46
Pulau Pinang,1984,0.452
Pulau Pinang,1985,0.442
Pulau Pinang,1986,0.432
Pulau Pinang,1987,0.422
Pulau Pinang,1988,0.41400000000000003
Pulau Pinang,1989,0.406
Pulau Pinang,1990,0.40800000000000003
Pulau Pinang,1991,0.41
Pulau Pinang,1992,0.412
Pulau Pinang,1993,0.4096666666666667
Pulau Pinang,1994,0.4073333333333333
Pulau Pinang,1995,0.405
Pulau Pinang,1996,0.4015
Pulau Pinang,1997,0.398
Pulau Pinang,1998,0.3985
Pulau Pinang,1999,0.399
Pulau Pinang,2000,0.41100000000000003
Pulau Pinang,2001,0.423
Pulau Pinang,2002,0.435
Pulau Pinang,2003,0.4165
Pulau Pinang,2004,0.398
Pulau Pinang,2005,0.4023333333333333
Pulau Pinang,2006,0.4066666666666667
Pulau Pinang,2007,0.411
Pulau Pinang,2008,0.415
Pulau Pinang,2009,0.419
Pulau Pinang,2010,0.4026666666666667
Pulau Pinang,2011,0.3863333333333333
Pulau Pinang,2012,0.37
Pulau Pinang,2013,0.367
Pulau Pinang,2014,0.364
Pulau Pinang,2015,0.36
Pulau Pinang,2016,0.356
Pulau Pinang,2017,0.357
Pulau Pinang,2018,0.358
Pulau Pinang,2019,0.359
Pulau Pinang,2020,0.363
Pulau Pinang,2021,0.367
Pulau Pinang,2022,0.371
Sabah,1979,0.49
Sabah,1980,0.49019999999999997
Sabah,1981,0.4904
Sabah,1982,0.4906
Sabah,1983,0.4908
Sabah,1984,0.491
Sabah,1985,0.483
Sabah,1986,0.47500000000000003
Sabah,1987,0.467
Sabah,1988,0.463
Sabah,1989,0.459
Sabah,1990,0.462
Sabah,1991,0.465
Sabah,1992,0.468
Sabah,1993,0.4613333333333334
Sabah,1994,0.45466666666666666
Sabah,1995,0.448
Sabah,1996,0.451
Sabah,1997,0.454
Sabah,1998,0.451
Sabah,1999,0.448
Sabah,2000,0.45366666666666666
Sabah,2001,0.45933333333333337
Sabah,2002,0.465
Sabah,2003,0.471
Sabah,2004,0.477
Sabah,2005,0.4683333333333333
Sabah,2006,0.45966666666666667
Sabah,2007,0.451
Sabah,2008,0.4525
Sabah,2009,0.454
Sabah,2010,0.445
Sabah,2011,0.436
Sabah,2012,0.427
Sabah,2013,0.40700000000000003
Sabah,2014,0.387
Sabah,2015,0.3945
Sabah,2016,0.402
Sabah,2017,0.4003333333333334
Sabah,2018,0.39866666666666667
Sabah,2019,0.397
Sabah,2020,0.39633333333333337
Sabah,2021,0.39566666666666667
Sabah,2022,0.395
Sarawak,1979,0.501
Sarawak,1980,0.5004
Sarawak,1981,0.4998
Sarawak,1982,0.4992
Sarawak,1983,0.4986
Sarawak,1984,0.498
Sarawak,1985,0.487
Sarawak,1986,0.47600000000000003
Sarawak,1987,0.465
Sarawak,1988,0.453
Sarawak,1989,0.441
Sarawak,1990,0.44966666666666666
Sarawak,1991,0.45833333333333337
Sarawak,1992,0.467
Sarawak,1993,0.458
Sarawak,1994,0.449
Sarawak,1995,0.44
Sarawak,1996,0.4435
Sarawak,1997,0.447
Sarawak,1998,0.427
Sarawak,1999,0.407
Sarawak,2000,0.41966666666666663
Sarawak,2001,0.43233333333333335
Sarawak,2002,0.445
Sarawak,2003,0.4425
Sarawak,2004,0.44
Sarawak,2005,0.44066666666666665
Sarawak,2006,0.44133333333333336
Sarawak,2007,0.442
Sarawak,2008,0.445
Sarawak,2009,0.448
Sarawak,2010,0.44533333333333336
Sarawak,2011,0.44266666666666665
Sarawak,2012,0.44
Sarawak,2013,0.4155
Sarawak,2014,0.391
Sarawak,2015,0.3885
Sarawak,2016,0.386
Sarawak,2017,0.38633333333333336
Sarawak,2018,0.38666666666666666
Sarawak,2019,0.387
Sarawak,2020,0.38533333333333336
Sarawak,2021,0.38366666666666666
Sarawak,2022,0.382
Selangor,1974,0.507
Selangor,1975,0.5115000000000001
Selangor,1976,0.516
Selangor,1977,0.5123333333333333
Selangor,1978,0.5086666666666667
Selangor,1979,0.505
Selangor,1980,0.5002
Selangor,1981,0.4954
Selangor,1982,0.4906
Selangor,1983,0.4858
Selangor,1984,0.481
Selangor,1985,0.4746666666666667
Selangor,1986,0.4683333333333333
Selangor,1987,0.462
Selangor,1988,0.453
Selangor,1989,0.444
Selangor,1990,0.44466666666666665
Selangor,1991,0.44533333333333336
Selangor,1992,0.446
Selangor,1993,0.43866666666666665
Selangor,1994,0.43133333333333335
Selangor,1995,0.424
Selangor,1996,0.4165
Selangor,1997,0.409
Selangor,1998,0.40149999999999997
Selangor,1999,0.394
Selangor,2000,0.4036666666666667
Selangor,2001,0.41333333333333333
Selangor,2002,0.423
Selangor,2003,0.433
Selangor,2004,0.443
Selangor,2005,0.43466666666666665
Selangor,2006,0.42633333333333334
Selangor,2007,0.418
Selangor,2008,0.421
Selangor,2009,0.424
Selangor,2010,0.4146666666666667
Selangor,2011,0.4053333333333333
Selangor,2012,0.396
Selangor,2013,0.3875
Selangor,2014,0.379
Selangor,2015,0.3755
Selangor,2016,0.372
Selangor,2017,0.379
Selangor,2018,0.386
Selangor,2019,0.393
Selangor,2020,0.38233333333333336
Selangor,2021,0.37166666666666665
Selangor,2022,0.361
Terengganu,1974,0.502
Terengganu,1975,0.492
Terengganu,1976,0.482
Terengganu,1977,0.474
Terengganu,1978,0.466
Terengganu,1979,0.458
Terengganu,1980,0.4586
Terengganu,1981,0.4592
Terengganu,1982,0.45980000000000004
Terengganu,1983,0.46040000000000003
Terengganu,1984,0.461
Terengganu,1985,0.4666666666666667
Terengganu,1986,0.4723333333333333
Terengganu,1987,0.478
Terengganu,1988,0.4685
Terengganu,1989,0.459
Terengganu,1990,0.45533333333333337
Terengganu,1991,0.45166666666666666
Terengganu,1992,0.448
Terengganu,1993,0.45333333333333337
Terengganu,1994,0.45866666666666667
Terengganu,1995,0.464
Terengganu,1996,0.465
Terengganu,1997,0.466
Terengganu,1998,0.453
Terengganu,1999,0.44
Terengganu,2000,0.43466666666666665
Terengganu,2001,0.42933333333333334
Terengganu,2002,0.424
Terengganu,2003,0.4335
Terengganu,2004,0.443
Terengganu,2005,0.42833333333333334
Terengganu,2006,0.4136666666666667
Terengganu,2007,0.399
Terengganu,2008,0.4085
Terengganu,2009,0.418
Terengganu,2010,0.42066666666666663
Terengganu,2011,0.42333333333333334
Terengganu,2012,0.426
Terengganu,2013,0.393
Terengganu,2014,0.36
Terengganu,2015,0.344
Terengganu,2016,0.328
Terengganu,2017,0.33033333333333337
Terengganu,2018,0.33266666666666667
Terengganu,2019,0.335
Terengganu,2020,0.332
Terengganu,2021,0.329
Terengganu,2022,0.326
W.P. Kuala Lumpur,1984,0.486
W.P. Kuala Lumpur,1985,0.479
W.P. Kuala Lumpur,1986,0.47200000000000003
W.P. Kuala Lumpur,1987,0.465
W.P. Kuala Lumpur,1988,0.4465
W.P. Kuala Lumpur,1989,0.428
W.P. Kuala Lumpur,1990,0.433
W.P. Kuala Lumpur,1991,0.438
W.P. Kuala Lumpur,1992,0.443
W.P. Kuala Lumpur,1993,0.43633333333333335
W.P. Kuala Lumpur,1994,0.42966666666666664
W.P. Kuala Lumpur,1995,0.423
W.P. Kuala Lumpur,1996,0.42
W.P. Kuala Lumpur,1997,0.417
W.P. Kuala Lumpur,1998,0.4155
W.P. Kuala Lumpur,1999,0.414
W.P. Kuala Lumpur,2000,0.42533333333333334
W.P. Kuala Lumpur,2001,0.43666666666666665
W.P. Kuala Lumpur,2002,0.448
W.P. Kuala Lumpur,2003,0.4575
W.P. Kuala Lumpur,2004,0.467
W.P. Kuala Lumpur,2005,0.46
W.P. Kuala Lumpur,2006,0.453
W.P. Kuala Lumpur,2007,0.446
W.P. Kuala Lumpur,2008,0.41000000000000003
W.P. Kuala Lumpur,2009,0.374
W.P. Kuala Lumpur,2010,0.39666666666666667
W.P. Kuala Lumpur,2011,0.41933333333333334
W.P. Kuala Lumpur,2012,0.442
W.P. Kuala Lumpur,2013,0.4245
W.P. Kuala Lumpur,2014,0.407
W.P. Kuala Lumpur,2015,0.39249999999999996
W.P. Kuala Lumpur,2016,0.378
W.P. Kuala Lumpur,2017,0.36866666666666664
W.P. Kuala Lumpur,2018,0.35933333333333334
W.P. Kuala Lumpur,2019,0.35
W.P. Kuala Lumpur,2020,0.36
W.P. Kuala Lumpur,2021,0.37
W.P. Kuala Lumpur,2022,0.38
W.P. Labuan,2007,0.388
W.P. Labuan,2008,0.3875
W.P. Labuan,2009,0.387
W.P. Labuan,2010,0.38566666666666666
W.P. Labuan,2011,0.38433333333333336
W.P. Labuan,2012,0.383
W.P. Labuan,2013,0.384
W.P. Labuan,2014,0.385
W.P. Labuan,2015,0.3915
W.P. Labuan,2016,0.398
W.P. Labuan,2017,0.37633333333333335
W.P. Labuan,2018,0.3546666666666667
W.P. Labuan,2019,0.333
W.P. Labuan,2020,0.322
W.P. Labuan,2021,0.311
W.P. Labuan,2022,0.3
W.P. Putrajaya,2007,0.362
W.P. Putrajaya,2008,0.352
W.P. Putrajaya,2009,0.342
W.P. Putrajaya,2010,0.32966666666666666
W.P. Putrajaya,2011,0.31733333333333336
W.P. Putrajaya,2012,0.305
W.P. Putrajaya,2013,0.3395
W.P. Putrajaya,2014,0.374
W.P. Putrajaya,2015,0.3715
W.P. Putrajaya,2016,0.369
W.P. Putrajaya,2017,0.36633333333333334
W.P. Putrajaya,2018,0.36366666666666664
W.P. Putrajaya,2019,0.361
W.P. Putrajaya,2020,0.36333333333333334
W.P. Putrajaya,2021,0.36566666666666664
W.P. Putrajaya,2022,0.368
