date,state,district,income_mean,income_median,expenditure_mean,gini,poverty,year,savings_rate,income_expenditure_ratio
2022-01-01,Johor,Batu Pahat,7419,6347,4570,0.3383,5.1,2022,38.40140180617334,1.6234135667396061
2022-01-01,Johor,Johor Bahru,9869,8232,6139,0.3585,3.7,2022,37.79511601986017,1.6075908128359668
2022-01-01,Johor,Kluang,6461,5204,4399,0.35367,7.2,2022,31.914564308930505,1.4687428961127529
2022-01-01,Johor,Kota Tinggi,7529,6227,4498,0.34335,5.0,2022,40.25767034134679,1.6738550466874167
2022-01-01,Johor,Mersing,5426,4445,4032,0.33877,12.7,2022,25.69111684482123,1.345734126984127
2022-01-01,Johor,Muar,7572,5724,4740,0.39413,6.1,2022,37.400950871632325,1.5974683544303798
2022-01-01,Johor,Pontian,6913,5616,4535,0.36093,5.1,2022,34.39895848401562,1.5243660418963616
2022-01-01,Johor,Segamat,6578,5318,4426,0.33996,7.4,2022,32.715110975980544,1.4862178038861273
2022-01-01,Johor,Kulai,9177,7460,5646,0.33673,0.4,2022,38.4766263484799,1.6253985122210415
2022-01-01,Johor,Tangkak,7093,5622,4198,0.37081,6.9,2022,40.8148879176653,1.689614101953311
2022-01-01,Kedah,Baling,4263,3400,2732,0.34655,14.4,2022,35.913675815153645,1.5603953147877012
2022-01-01,Kedah,Bandar Baharu,4565,3922,2751,0.29146,3.9,2022,39.73713033953998,1.6593965830607051
2022-01-01,Kedah,Kota Setar,5959,4751,4253,0.34795,5.1,2022,28.62896459137439,1.401128615095227
2022-01-01,Kedah,Kuala Muda,5624,4200,3840,0.40406,13.8,2022,31.721194879089616,1.4645833333333333
2022-01-01,Kedah,Kubang Pasu,6221,5201,4062,0.32483,3.3,2022,34.705031345442855,1.5315115706548499
2022-01-01,Kedah,Kulim,5636,4498,3647,0.35851,11.4,2022,35.29098651525905,1.545379764189745
2022-01-01,Kedah,Langkawi,6087,5250,3680,0.30215,5.7,2022,39.54328897650731,1.6540760869565216
2022-01-01,Kedah,Padang Terap,4858,3902,3751,0.32346,8.9,2022,22.78715520790449,1.2951213009864035
2022-01-01,Kedah,Sik,5053,3703,3530,0.33313,4.0,2022,30.140510587769644,1.431444759206799
2022-01-01,Kedah,Yan,4637,4080,3339,0.29118,6.0,2022,27.992236359715335,1.3887391434561245
2022-01-01,Kedah,Pendang,4986,3801,3562,0.34864,7.3,2022,28.559967910148416,1.399775407074677
2022-01-01,Kedah,Pokok Sena,5494,4668,4033,0.31026,7.2,2022,26.592646523480163,1.36226134391272
2022-01-01,Kelantan,Bachok,4811,3625,3282,0.3743,12.1,2022,31.78133444190397,1.4658744667885435
2022-01-01,Kelantan,Kota Bharu,5693,4330,3886,0.38399,10.5,2022,31.74073423502547,1.4650025733401957
2022-01-01,Kelantan,Machang,4987,3429,3267,0.41379,12.0,2022,34.4896731501905,1.5264768901132537
2022-01-01,Kelantan,Pasir Mas,4602,3508,3225,0.3622,9.0,2022,29.921773142112123,1.4269767441860466
2022-01-01,Kelantan,Pasir Puteh,4712,3453,3525,0.37796,15.9,2022,25.19100169779287,1.3367375886524824
2022-01-01,Kelantan,Tanah Merah,4177,2991,3247,0.37742,17.9,2022,22.264783337323436,1.2864182322143518
2022-01-01,Kelantan,Tumpat,4741,3749,3831,0.36652,13.5,2022,19.19426281375237,1.237535891412164
2022-01-01,Kelantan,Gua Musang,4473,3342,3625,0.36024,18.5,2022,18.958193606080933,1.2339310344827585
2022-01-01,Kelantan,Kuala Krai,3798,2763,2853,0.39889,22.4,2022,24.881516587677723,1.3312302839116719
2022-01-01,Kelantan,Jeli,3735,2906,2746,0.35032,11.3,2022,26.479250334672024,1.3601602330662783
2022-01-01,Kelantan,Kecil Lojing,3153,2630,2720,0.36543,43.8,2022,13.732952743418966,1.1591911764705882
2022-01-01,Melaka,Alor Gajah,7235,5611,5338,0.34311,4.8,2022,26.219765031098824,1.3553765455226676
2022-01-01,Melaka,Jasin,7145,5895,5005,0.33157,5.5,2022,29.951014695591322,1.4275724275724275
2022-01-01,Melaka,Melaka Tengah,8593,6557,6015,0.38301,3.7,2022,30.001163737926216,1.428595178719867
2022-01-01,Negeri Sembilan,Jelebu,4445,3636,3457,0.32552,7.3,2022,22.227221597300336,1.2857969337575932
2022-01-01,Negeri Sembilan,Kuala Pilah,4509,3471,3567,0.34594,6.8,2022,20.891550232867598,1.2640874684608916
2022-01-01,Negeri Sembilan,Port Dickson,6054,4805,4500,0.34453,4.9,2022,25.66897918731417,1.3453333333333333
2022-01-01,Negeri Sembilan,Rembau,5544,4655,3897,0.34352,3.0,2022,29.707792207792206,1.4226327944572748
2022-01-01,Negeri Sembilan,Seremban,7900,6384,5225,0.3543,3.0,2022,33.860759493670884,1.5119617224880382
2022-01-01,Negeri Sembilan,Tampin,5097,4012,3750,0.34719,7.3,2022,26.427310182460275,1.3592
2022-01-01,Negeri Sembilan,Jempol,4848,3830,3608,0.33117,8.0,2022,25.577557755775576,1.3436807095343681
2022-01-01,Pahang,Bentong,5563,4691,4386,0.24416,2.8,2022,21.157648750674095,1.2683538531691747
2022-01-01,Pahang,Cameron Highlands,6265,5221,4229,0.27195,1.9,2022,32.498004788507586,1.4814376921257981
2022-01-01,Pahang,Jerantut,4537,3781,3326,0.28984,8.6,2022,26.6916464624201,1.3641010222489476
2022-01-01,Pahang,Kuantan,6938,5926,4724,0.30639,4.1,2022,31.91121360622658,1.4686706181202371
2022-01-01,Pahang,Lipis,4959,4115,4016,0.2799,9.2,2022,19.01593063117564,1.2348107569721116
2022-01-01,Pahang,Pekan,4780,4053,3429,0.30294,11.6,2022,28.263598326359833,1.393992417614465
2022-01-01,Pahang,Raub,5445,4375,4247,0.25701,2.3,2022,22.00183654729109,1.2820814692724276
2022-01-01,Pahang,Temerloh,5180,4283,3580,0.29052,6.6,2022,30.888030888030887,1.446927374301676
2022-01-01,Pahang,Rompin,5103,4148,3695,0.32902,12.0,2022,27.591612776797962,1.3810554803788904
2022-01-01,Pahang,Maran,5036,4319,3586,0.28798,8.8,2022,28.792692613185068,1.404350250976018
2022-01-01,Pahang,Bera,4567,3866,3453,0.25588,8.5,2022,24.392380118239547,1.322618013321749
2022-01-01,Pulau Pinang,Seberang Perai Tengah,8056,6220,5008,0.37729,2.4,2022,37.835153922542204,1.6086261980830672
2022-01-01,Pulau Pinang,Seberang Perai Utara,7330,6103,4432,0.34971,3.7,2022,39.53615279672578,1.6538808664259927
2022-01-01,Pulau Pinang,Seberang Perai Selatan,7472,6231,4665,0.35956,3.1,2022,37.566916488222695,1.6017148981779208
2022-01-01,Pulau Pinang,Timur Laut,8727,6714,5890,0.37972,0.7,2022,32.508307551277646,1.4816638370118846
2022-01-01,Pulau Pinang,Barat Daya,9254,7247,6003,0.35685,1.4,2022,35.13075426842446,1.5415625520573046
2022-01-01,Perak,Batang Padang,5178,3953,3710,0.36993,13.3,2022,28.3507145616068,1.3956873315363882
2022-01-01,Perak,Manjung,6318,5135,3912,0.35358,3.8,2022,38.08167141500475,1.6150306748466257
2022-01-01,Perak,Kinta,6308,5037,4383,0.35771,3.8,2022,30.51680405833862,1.4391968971024411
2022-01-01,Perak,Kerian,5276,3996,3615,0.36419,8.7,2022,31.48218347232752,1.4594744121715075
2022-01-01,Perak,Kuala Kangsar,5176,3813,3488,0.39084,13.0,2022,32.61205564142195,1.4839449541284404
2022-01-01,Perak,Larut Dan Matang,5400,4029,3798,0.36465,9.2,2022,29.666666666666668,1.4218009478672986
2022-01-01,Perak,Hilir Perak,5203,4199,3386,0.3904,14.8,2022,34.92216029213915,1.5366213821618429
2022-01-01,Perak,Hulu Perak,4891,3467,2889,0.3989,16.3,2022,40.93232467797996,1.6929733471789548
2022-01-01,Perak,Perak Tengah,5956,4564,3744,0.39074,11.1,2022,37.139019476158495,1.5908119658119657
2022-01-01,Perak,Kampar,5087,4347,3276,0.3056,4.7,2022,35.60055042264596,1.5528083028083028
2022-01-01,Perak,Muallim,6122,5015,4374,0.35908,9.2,2022,28.552760535772627,1.3996342021033379
2022-01-01,Perak,Bagan Datuk,5160,4076,3150,0.36109,12.4,2022,38.95348837209303,1.638095238095238
2022-01-01,Perak,Selama,4439,3673,3150,0.29903,5.3,2022,29.038071637756254,1.4092063492063491
2022-01-01,Perlis,Perlis,5664,4713,3834,0.33589,4.0,2022,32.309322033898304,1.4773082942097027
2022-01-01,Selangor,Gombak,13523,10180,6673,0.39247,2.4,2022,50.65444058271093,2.0265248014386334
2022-01-01,Selangor,Klang,10278,8203,6622,0.34658,2.2,2022,35.571122786534346,1.5520990637269707
2022-01-01,Selangor,Kuala Langat,11048,10093,5621,0.27733,0.3,2022,49.12201303403331,1.9654865682262943
2022-01-01,Selangor,Kuala Selangor,9410,7644,5543,0.34646,2.8,2022,41.094580233793835,1.6976366588489988
2022-01-01,Selangor,Petaling,12760,9618,7721,0.39198,1.6,2022,39.490595611285265,1.6526356689547985
2022-01-01,Selangor,Sabak Bernam,6930,5533,5128,0.32091,5.3,2022,26.002886002886004,1.3514040561622465
2022-01-01,Selangor,Sepang,13673,12608,6976,0.22915,0.0,2022,48.979741095589844,1.9600057339449541
2022-01-01,Selangor,Ulu Langat,13386,11210,6289,0.32633,0.5,2022,53.018078589571196,2.1284782954364765
2022-01-01,Selangor,Ulu Selangor,8779,7678,4604,0.29704,1.7,2022,47.55666932452443,1.9068201563857514
2022-01-01,Terengganu,Besut,6285,4743,4191,0.33019,12.7,2022,33.31742243436754,1.4996420901932712
2022-01-01,Terengganu,Dungun,7902,6356,5215,0.30756,2.2,2022,34.004049607694256,1.5152444870565676
2022-01-01,Terengganu,Kemaman,8381,6425,4978,0.37757,4.1,2022,40.60374656962176,1.6836078746484533
2022-01-01,Terengganu,Kuala Terengganu,7109,5872,4881,0.29973,5.9,2022,31.34055422703615,1.4564638393771767
2022-01-01,Terengganu,Marang,6357,5291,4675,0.32464,9.0,2022,26.459021551046092,1.3597860962566846
2022-01-01,Terengganu,Hulu Terengganu,5821,5090,4332,0.2934,10.8,2022,25.579797285689743,1.3437211449676825
2022-01-01,Terengganu,Setiu,6030,5211,4017,0.27489,7.5,2022,33.38308457711443,1.5011202389843166
2022-01-01,Terengganu,Kuala Nerus,7983,6800,5224,0.27252,1.9,2022,34.56094200175372,1.5281393568147015
2022-01-01,Sabah,Tawau,6315,4783,3118,0.3881,14.4,2022,50.62549485352336,2.0253367543296985
2022-01-01,Sabah,Lahad Datu,5995,4457,3346,0.38801,23.5,2022,44.18682235195996,1.7916915720263
2022-01-01,Sabah,Semporna,5098,4093,2466,0.34139,28.0,2022,51.6280894468419,2.067315490673155
2022-01-01,Sabah,Sandakan,6030,4828,3315,0.34659,17.7,2022,45.024875621890544,1.8190045248868778
2022-01-01,Sabah,Kinabatangan,5543,4162,2394,0.39224,28.9,2022,56.81039148475555,2.3153717627401837
2022-01-01,Sabah,Beluran,4501,3131,2301,0.39895,37.7,2022,48.87802710508776,1.9561060408518036
2022-01-01,Sabah,Kota Kinabalu,8388,5957,4427,0.43131,10.3,2022,47.22222222222222,1.894736842105263
2022-01-01,Sabah,Ranau,5270,4058,2894,0.37495,25.4,2022,45.0853889943074,1.821008984105045
2022-01-01,Sabah,Kota Belud,4949,3429,2791,0.42499,27.8,2022,43.60476864012932,1.7731995700465784
2022-01-01,Sabah,Tuaran,5166,3921,3133,0.36609,25.8,2022,39.353464963221064,1.6488988190233003
2022-01-01,Sabah,Penampang,7491,6265,4194,0.32997,6.7,2022,44.01281537845414,1.7861230329041489
2022-01-01,Sabah,Papar,5980,4871,3494,0.34067,16.2,2022,41.57190635451505,1.7115054378935317
2022-01-01,Sabah,Kudat,4049,2994,3080,0.36898,34.7,2022,23.931835020992835,1.3146103896103896
2022-01-01,Sabah,Kota Marudu,4031,2677,2951,0.41883,49.9,2022,26.79235921607542,1.3659776347001016
2022-01-01,Sabah,Pitas,3406,2329,2562,0.3857,52.7,2022,24.779800352319437,1.3294301327088212
2022-01-01,Sabah,Beaufort,4902,4018,3141,0.33769,19.8,2022,35.92411260709915,1.5606494746895894
2022-01-01,Sabah,Kuala Penyu,4311,3487,2777,0.32354,17.6,2022,35.58339132451867,1.5523946705077423
2022-01-01,Sabah,Sipitang,5479,4182,3093,0.36014,22.1,2022,43.548092717649205,1.7714193339799547
2022-01-01,Sabah,Tenom,5217,4045,3267,0.33645,15.8,2022,37.37780333525014,1.5968778696051424
2022-01-01,Sabah,Nabawan,5016,4110,3228,0.31094,27.1,2022,35.645933014354064,1.553903345724907
2022-01-01,Sabah,Keningau,5979,4502,3478,0.35953,18.8,2022,41.82973741428332,1.7190914318573893
2022-01-01,Sabah,Tambunan,5113,4055,3278,0.3373,9.0,2022,35.888910619988266,1.5597925564368518
2022-01-01,Sabah,Kunak,5838,4480,2755,0.35178,25.4,2022,52.80918122644741,2.1190562613430126
2022-01-01,Sabah,Tongod,4019,2856,2445,0.34681,50.8,2022,39.16397113709878,1.643762781186094
2022-01-01,Sabah,Putatan,7110,5699,4047,0.35061,12.9,2022,43.08016877637131,1.7568569310600444
2022-01-01,Sabah,Telupid,4819,3953,2538,0.32068,20.8,2022,47.33347167462129,1.8987391646966114
2022-01-01,Sabah,Kalabakan,4938,3931,2019,0.36775,33.3,2022,59.11300121506683,2.445765230312036
2022-01-01,Sarawak,Kuching,7588,5968,4687,0.37551,9.1,2022,38.231418028465995,1.618946020908897
2022-01-01,Sarawak,Bau,5621,4735,3581,0.36026,8.3,2022,36.292474648639036,1.5696732756213347
2022-01-01,Sarawak,Lundu,4935,3692,3161,0.35239,13.1,2022,35.947315096251266,1.561214805441316
2022-01-01,Sarawak,Samarahan,7123,5953,4475,0.32422,7.9,2022,37.175347465955355,1.591731843575419
2022-01-01,Sarawak,Serian,4988,4074,3515,0.34489,14.6,2022,29.530874097834804,1.4190611664295876
2022-01-01,Sarawak,Simunjan,3917,3196,2874,0.31353,17.9,2022,26.627521062037275,1.3629088378566458
2022-01-01,Sarawak,Sri Aman,4881,3704,3071,0.39516,8.9,2022,37.082565048145874,1.5893845652881797
2022-01-01,Sarawak,Lubok Antu,4129,3548,3178,0.35162,14.8,2022,23.032211189149915,1.2992448080553807
2022-01-01,Sarawak,Betong,4422,3685,2849,0.30527,9.8,2022,35.57213930348259,1.5521235521235521
2022-01-01,Sarawak,Saratok,4621,3763,2974,0.28976,7.4,2022,35.64163600952175,1.5537995965030262
2022-01-01,Sarawak,Sarikei,5440,3528,3078,0.44869,20.9,2022,43.419117647058826,1.7673814165042234
2022-01-01,Sarawak,Maradong,4117,3259,2674,0.36177,19.5,2022,35.049793538984694,1.5396409872849663
2022-01-01,Sarawak,Daro,4368,3373,2997,0.38918,32.5,2022,31.387362637362635,1.4574574574574575
2022-01-01,Sarawak,Julau,3548,2652,2842,0.37387,31.2,2022,19.898534385569334,1.2484166080225194
2022-01-01,Sarawak,Sibu,6645,5248,4366,0.37413,10.2,2022,34.29646350639579,1.5219880897847
2022-01-01,Sarawak,Dalat,4841,4057,3044,0.31471,11.1,2022,37.12042966329271,1.590341655716163
2022-01-01,Sarawak,Mukah,5962,4623,3615,0.38637,14.0,2022,39.3659845689366,1.6492392807745504
2022-01-01,Sarawak,Kanowit,3711,2648,2940,0.38573,24.9,2022,20.776071139854487,1.2622448979591836
2022-01-01,Sarawak,Bintulu,9645,8567,4990,0.31769,3.5,2022,48.26334888543287,1.9328657314629258
2022-01-01,Sarawak,Tatau,5617,4787,3066,0.30337,5.9,2022,45.415702332205804,1.8320287018917156
2022-01-01,Sarawak,Kapit,4053,2902,3315,0.36644,20.6,2022,18.208734270910437,1.2226244343891404
2022-01-01,Sarawak,Song,3477,2926,2841,0.32162,15.8,2022,18.2916307161346,1.2238648363252376
2022-01-01,Sarawak,Belaga,4239,3587,2224,0.3296,19.5,2022,47.53479594243926,1.9060251798561152
2022-01-01,Sarawak,Miri,7932,6449,4333,0.34218,6.3,2022,45.37317196167423,1.830602354027233
2022-01-01,Sarawak,Marudi,5373,4234,2557,0.3613,12.9,2022,52.41019914386749,2.101290574892452
2022-01-01,Sarawak,Limbang,5148,4023,3184,0.351,14.6,2022,38.15073815073815,1.6168341708542713
2022-01-01,Sarawak,Lawas,4476,3183,2934,0.40603,18.1,2022,34.45040214477212,1.525562372188139
2022-01-01,Sarawak,Matu,4362,3354,2811,0.36885,20.8,2022,35.557083906464925,1.551760939167556
2022-01-01,Sarawak,Asajaya,4557,3929,3039,0.30135,17.9,2022,33.31138907175774,1.4995064165844028
2022-01-01,Sarawak,Pakan,3936,3546,3076,0.31229,17.6,2022,21.84959349593496,1.2795838751625488
2022-01-01,Sarawak,Selangau,4128,3005,2798,0.39312,19.6,2022,32.218992248062015,1.4753395282344532
2022-01-01,Sarawak,Tebedu,3218,2579,2397,0.31153,26.9,2022,25.51274083281541,1.342511472674176
2022-01-01,Sarawak,Pusa,3395,3124,2389,0.22517,17.2,2022,29.631811487481592,1.4210966931770614
2022-01-01,Sarawak,Kabong,4002,3500,3215,0.3136,8.6,2022,19.665167416291855,1.2447900466562987
2022-01-01,Sarawak,Tanjung Manis,4017,3300,2899,0.33376,20.7,2022,27.831715210355988,1.3856502242152466
2022-01-01,Sarawak,Sebauh,5120,4428,2660,0.30347,4.8,2022,48.046875,1.9248120300751879
2022-01-01,Sarawak,Bukit Mabong,3509,2948,2853,0.29711,8.2,2022,18.694784838985466,1.2299334034349807
2022-01-01,Sarawak,Subis,6390,5194,2756,0.34086,4.7,2022,56.87010954616588,2.318577648766328
2022-01-01,Sarawak,Beluru,4873,4164,2386,0.30156,13.7,2022,51.03632259388468,2.0423302598491198
2022-01-01,Sarawak,Telang Usan,4692,3870,2578,0.31077,6.0,2022,45.055413469735726,1.8200155159038014
2022-01-01,W.P. Kuala Lumpur,W.P. Kuala Lumpur,13325,10234,7823,0.3796,1.4,2022,41.290806754221386,1.7033107503515275
2022-01-01,W.P. Labuan,W.P. Labuan,8250,6904,4176,0.30028,2.5,2022,49.38181818181818,1.9755747126436782
2022-01-01,W.P. Putrajaya,W.P. Putrajaya,13473,10056,8897,0.3678,0.1,2022,33.964224745787874,1.5143306732606496
