date,division,inflation_yoy,inflation_mom,year,month,division_label
1981-01-01,overall,8.2,1.9,1981,1,Overall CPI
1981-02-01,overall,8.9,1.1,1981,2,Overall CPI
1981-03-01,overall,9.9,0.9,1981,3,Overall CPI
1981-04-01,overall,10.9,0.5,1981,4,Overall CPI
1981-05-01,overall,10.3,0.4,1981,5,Overall CPI
1981-06-01,overall,10.0,0.7,1981,6,Overall CPI
1981-07-01,overall,10.2,0.9,1981,7,Overall CPI
1981-08-01,overall,9.8,0.7,1981,8,Overall CPI
1981-09-01,overall,10.6,0.4,1981,9,Overall CPI
1981-10-01,overall,10.0,0.0,1981,10,Overall CPI
1981-11-01,overall,8.7,0.2,1981,11,Overall CPI
1981-12-01,overall,8.4,0.4,1981,12,Overall CPI
1982-01-01,overall,7.6,1.1,1982,1,Overall CPI
1982-02-01,overall,7.0,0.6,1982,2,Overall CPI
1982-03-01,overall,6.3,0.2,1982,3,Overall CPI
1982-04-01,overall,6.3,0.4,1982,4,Overall CPI
1982-05-01,overall,6.0,0.2,1982,5,Overall CPI
1982-06-01,overall,5.8,0.4,1982,6,Overall CPI
1982-07-01,overall,5.5,0.6,1982,7,Overall CPI
1982-08-01,overall,5.0,0.2,1982,8,Overall CPI
1982-09-01,overall,4.6,0.0,1982,9,Overall CPI
1982-10-01,overall,4.3,-0.2,1982,10,Overall CPI
1982-11-01,overall,5.2,1.0,1982,11,Overall CPI
1982-12-01,overall,5.2,0.4,1982,12,Overall CPI
1983-01-01,overall,5.1,1.0,1983,1,Overall CPI
1983-02-01,overall,4.0,-0.4,1983,2,Overall CPI
1983-03-01,overall,4.0,0.2,1983,3,Overall CPI
1983-04-01,overall,3.6,0.0,1983,4,Overall CPI
1983-05-01,overall,4.0,0.6,1983,5,Overall CPI
1983-06-01,overall,3.8,0.2,1983,6,Overall CPI
1983-07-01,overall,3.3,0.2,1983,7,Overall CPI
1983-08-01,overall,3.1,0.0,1983,8,Overall CPI
1983-09-01,overall,3.5,0.4,1983,9,Overall CPI
1983-10-01,overall,4.0,0.2,1983,10,Overall CPI
1983-11-01,overall,3.1,0.2,1983,11,Overall CPI
1983-12-01,overall,3.3,0.6,1983,12,Overall CPI
1984-01-01,overall,4.1,1.8,1984,1,Overall CPI
1984-02-01,overall,5.7,1.2,1984,2,Overall CPI
1984-03-01,overall,4.1,-1.4,1984,3,Overall CPI
1984-04-01,overall,4.1,0.0,1984,4,Overall CPI
1984-05-01,overall,3.4,0.0,1984,5,Overall CPI
1984-06-01,overall,3.2,0.0,1984,6,Overall CPI
1984-07-01,overall,3.8,0.8,1984,7,Overall CPI
1984-08-01,overall,3.8,0.0,1984,8,Overall CPI
1984-09-01,overall,3.4,0.0,1984,9,Overall CPI
1984-10-01,overall,3.0,-0.2,1984,10,Overall CPI
1984-11-01,overall,2.2,-0.6,1984,11,Overall CPI
1984-12-01,overall,1.6,0.0,1984,12,Overall CPI
1985-01-01,overall,0.0,0.2,1985,1,Overall CPI
1985-02-01,overall,-1.0,0.2,1985,2,Overall CPI
1985-03-01,overall,0.8,0.4,1985,3,Overall CPI
1985-04-01,overall,0.4,-0.4,1985,4,Overall CPI
1985-05-01,overall,0.6,0.2,1985,5,Overall CPI
1985-06-01,overall,0.8,0.2,1985,6,Overall CPI
1985-07-01,overall,0.6,0.6,1985,7,Overall CPI
1985-08-01,overall,0.8,0.2,1985,8,Overall CPI
1985-09-01,overall,0.2,-0.6,1985,9,Overall CPI
1985-10-01,overall,0.2,-0.2,1985,10,Overall CPI
1985-11-01,overall,0.8,0.0,1985,11,Overall CPI
1985-12-01,overall,1.0,0.2,1985,12,Overall CPI
1986-01-01,overall,1.2,0.4,1986,1,Overall CPI
1986-02-01,overall,1.2,0.2,1986,2,Overall CPI
1986-03-01,overall,0.6,-0.2,1986,3,Overall CPI
1986-04-01,overall,0.4,-0.6,1986,4,Overall CPI
1986-05-01,overall,0.6,0.4,1986,5,Overall CPI
1986-06-01,overall,0.2,-0.2,1986,6,Overall CPI
1986-07-01,overall,-0.2,0.2,1986,7,Overall CPI
1986-08-01,overall,-0.6,-0.2,1986,8,Overall CPI
1986-09-01,overall,0.4,0.4,1986,9,Overall CPI
1986-10-01,overall,0.6,0.0,1986,10,Overall CPI
1986-11-01,overall,1.2,0.6,1986,11,Overall CPI
1986-12-01,overall,1.2,0.2,1986,12,Overall CPI
1987-01-01,overall,0.6,-0.2,1987,1,Overall CPI
1987-02-01,overall,0.4,0.0,1987,2,Overall CPI
1987-03-01,overall,0.0,-0.6,1987,3,Overall CPI
1987-04-01,overall,1.2,0.6,1987,4,Overall CPI
1987-05-01,overall,1.0,0.2,1987,5,Overall CPI
1987-06-01,overall,1.4,0.2,1987,6,Overall CPI
1987-07-01,overall,1.0,-0.2,1987,7,Overall CPI
1987-08-01,overall,1.4,0.2,1987,8,Overall CPI
1987-09-01,overall,1.0,0.0,1987,9,Overall CPI
1987-10-01,overall,1.2,0.2,1987,10,Overall CPI
1987-11-01,overall,0.8,0.2,1987,11,Overall CPI
1987-12-01,overall,1.0,0.4,1987,12,Overall CPI
1988-01-01,overall,1.3,0.2,1988,1,Overall CPI
1988-02-01,overall,1.5,0.2,1988,2,Overall CPI
1988-03-01,overall,2.3,0.2,1988,3,Overall CPI
1988-04-01,overall,1.7,0.0,1988,4,Overall CPI
1988-05-01,overall,1.5,0.0,1988,5,Overall CPI
1988-06-01,overall,2.3,0.9,1988,6,Overall CPI
1988-07-01,overall,3.1,0.6,1988,7,Overall CPI
1988-08-01,overall,3.1,0.2,1988,8,Overall CPI
1988-09-01,overall,3.3,0.2,1988,9,Overall CPI
1988-10-01,overall,2.9,-0.2,1988,10,Overall CPI
1988-11-01,overall,3.2,0.6,1988,11,Overall CPI
1988-12-01,overall,3.6,0.7,1988,12,Overall CPI
1989-01-01,overall,3.4,0.0,1989,1,Overall CPI
1989-02-01,overall,3.2,0.0,1989,2,Overall CPI
1989-03-01,overall,3.0,0.0,1989,3,Overall CPI
1989-04-01,overall,3.2,0.2,1989,4,Overall CPI
1989-05-01,overall,3.6,0.4,1989,5,Overall CPI
1989-06-01,overall,2.6,0.0,1989,6,Overall CPI
1989-07-01,overall,2.4,0.4,1989,7,Overall CPI
1989-08-01,overall,2.4,0.2,1989,8,Overall CPI
1989-09-01,overall,2.6,0.4,1989,9,Overall CPI
1989-10-01,overall,2.8,0.0,1989,10,Overall CPI
1989-11-01,overall,2.6,0.4,1989,11,Overall CPI
1989-12-01,overall,2.0,0.2,1989,12,Overall CPI
1990-01-01,overall,2.7,0.7,1990,1,Overall CPI
1990-02-01,overall,3.3,0.5,1990,2,Overall CPI
1990-03-01,overall,3.1,-0.2,1990,3,Overall CPI
1990-04-01,overall,3.3,0.4,1990,4,Overall CPI
1990-05-01,overall,3.5,0.5,1990,5,Overall CPI
1990-06-01,overall,3.3,-0.2,1990,6,Overall CPI
1990-07-01,overall,2.5,-0.4,1990,7,Overall CPI
1990-08-01,overall,2.4,0.0,1990,8,Overall CPI
1990-09-01,overall,2.5,0.5,1990,9,Overall CPI
1990-10-01,overall,3.2,0.7,1990,10,Overall CPI
1990-11-01,overall,3.4,0.5,1990,11,Overall CPI
1990-12-01,overall,3.8,0.5,1990,12,Overall CPI
1991-01-01,overall,3.6,0.5,1991,1,Overall CPI
1991-02-01,overall,3.4,0.3,1991,2,Overall CPI
1991-03-01,overall,3.7,0.2,1991,3,Overall CPI
1991-04-01,overall,4.2,0.9,1991,4,Overall CPI
1991-05-01,overall,4.0,0.3,1991,5,Overall CPI
1991-06-01,overall,5.1,0.8,1991,6,Overall CPI
1991-07-01,overall,5.0,-0.5,1991,7,Overall CPI
1991-08-01,overall,5.3,0.3,1991,8,Overall CPI
1991-09-01,overall,4.6,-0.2,1991,9,Overall CPI
1991-10-01,overall,4.2,0.3,1991,10,Overall CPI
1991-11-01,overall,4.2,0.5,1991,11,Overall CPI
1991-12-01,overall,4.5,0.8,1991,12,Overall CPI
1992-01-01,overall,4.3,0.3,1992,1,Overall CPI
1992-02-01,overall,4.5,0.5,1992,2,Overall CPI
1992-03-01,overall,4.6,0.3,1992,3,Overall CPI
1992-04-01,overall,4.4,0.7,1992,4,Overall CPI
1992-05-01,overall,5.1,1.0,1992,5,Overall CPI
1992-06-01,overall,4.4,0.2,1992,6,Overall CPI
1992-07-01,overall,5.1,0.2,1992,7,Overall CPI
1992-08-01,overall,5.0,0.3,1992,8,Overall CPI
1992-09-01,overall,5.2,0.0,1992,9,Overall CPI
1992-10-01,overall,4.7,-0.2,1992,10,Overall CPI
1992-11-01,overall,5.3,1.1,1992,11,Overall CPI
1992-12-01,overall,4.6,0.2,1992,12,Overall CPI
1993-01-01,overall,4.5,0.2,1993,1,Overall CPI
1993-02-01,overall,4.3,0.3,1993,2,Overall CPI
1993-03-01,overall,4.1,0.2,1993,3,Overall CPI
1993-04-01,overall,3.9,0.5,1993,4,Overall CPI
1993-05-01,overall,3.1,0.2,1993,5,Overall CPI
1993-06-01,overall,3.2,0.3,1993,6,Overall CPI
1993-07-01,overall,3.7,0.6,1993,7,Overall CPI
1993-08-01,overall,2.9,-0.5,1993,8,Overall CPI
1993-09-01,overall,3.0,0.2,1993,9,Overall CPI
1993-10-01,overall,3.5,0.3,1993,10,Overall CPI
1993-11-01,overall,3.0,0.6,1993,11,Overall CPI
1993-12-01,overall,3.5,0.6,1993,12,Overall CPI
1994-01-01,overall,3.8,0.5,1994,1,Overall CPI
1994-02-01,overall,4.4,0.9,1994,2,Overall CPI
1994-03-01,overall,3.9,-0.3,1994,3,Overall CPI
1994-04-01,overall,3.4,0.0,1994,4,Overall CPI
1994-05-01,overall,3.4,0.2,1994,5,Overall CPI
1994-06-01,overall,3.0,-0.2,1994,6,Overall CPI
1994-07-01,overall,3.1,0.8,1994,7,Overall CPI
1994-08-01,overall,3.7,0.2,1994,8,Overall CPI
1994-09-01,overall,4.0,0.4,1994,9,Overall CPI
1994-10-01,overall,3.9,0.1,1994,10,Overall CPI
1994-11-01,overall,3.8,0.6,1994,11,Overall CPI
1994-12-01,overall,3.5,0.3,1994,12,Overall CPI
1995-01-01,overall,3.5,0.4,1995,1,Overall CPI
1995-02-01,overall,3.2,0.6,1995,2,Overall CPI
1995-03-01,overall,3.3,-0.1,1995,3,Overall CPI
1995-04-01,overall,3.3,0.0,1995,4,Overall CPI
1995-05-01,overall,3.9,0.7,1995,5,Overall CPI
1995-06-01,overall,4.1,0.0,1995,6,Overall CPI
1995-07-01,overall,3.5,0.1,1995,7,Overall CPI
1995-08-01,overall,3.4,0.1,1995,8,Overall CPI
1995-09-01,overall,3.4,0.4,1995,9,Overall CPI
1995-10-01,overall,3.4,0.1,1995,10,Overall CPI
1995-11-01,overall,3.3,0.4,1995,11,Overall CPI
1995-12-01,overall,3.2,0.3,1995,12,Overall CPI
1996-01-01,overall,3.4,0.6,1996,1,Overall CPI
1996-02-01,overall,3.5,0.7,1996,2,Overall CPI
1996-03-01,overall,3.2,-0.4,1996,3,Overall CPI
1996-04-01,overall,3.8,0.6,1996,4,Overall CPI
1996-05-01,overall,3.5,0.4,1996,5,Overall CPI
1996-06-01,overall,3.6,0.1,1996,6,Overall CPI
1996-07-01,overall,3.8,0.3,1996,7,Overall CPI
1996-08-01,overall,3.6,0.0,1996,8,Overall CPI
1996-09-01,overall,3.6,0.4,1996,9,Overall CPI
1996-10-01,overall,3.5,0.0,1996,10,Overall CPI
1996-11-01,overall,3.3,0.3,1996,11,Overall CPI
1996-12-01,overall,3.3,0.3,1996,12,Overall CPI
1997-01-01,overall,3.1,0.4,1997,1,Overall CPI
1997-02-01,overall,3.0,0.6,1997,2,Overall CPI
1997-03-01,overall,3.3,-0.1,1997,3,Overall CPI
1997-04-01,overall,2.5,-0.1,1997,4,Overall CPI
1997-05-01,overall,2.5,0.4,1997,5,Overall CPI
1997-06-01,overall,2.2,-0.1,1997,6,Overall CPI
1997-07-01,overall,2.1,0.1,1997,7,Overall CPI
1997-08-01,overall,2.4,0.3,1997,8,Overall CPI
1997-09-01,overall,2.2,0.3,1997,9,Overall CPI
1997-10-01,overall,2.6,0.4,1997,10,Overall CPI
1997-11-01,overall,2.6,0.3,1997,11,Overall CPI
1997-12-01,overall,2.9,0.5,1997,12,Overall CPI
1998-01-01,overall,3.4,0.9,1998,1,Overall CPI
1998-02-01,overall,4.4,1.5,1998,2,Overall CPI
1998-03-01,overall,5.2,0.7,1998,3,Overall CPI
1998-04-01,overall,5.5,0.1,1998,4,Overall CPI
1998-05-01,overall,5.3,0.3,1998,5,Overall CPI
1998-06-01,overall,6.3,0.8,1998,6,Overall CPI
1998-07-01,overall,5.9,-0.3,1998,7,Overall CPI
1998-08-01,overall,5.7,0.1,1998,8,Overall CPI
1998-09-01,overall,5.6,0.1,1998,9,Overall CPI
1998-10-01,overall,5.2,0.0,1998,10,Overall CPI
1998-11-01,overall,5.7,0.8,1998,11,Overall CPI
1998-12-01,overall,5.2,0.1,1998,12,Overall CPI
1999-01-01,overall,5.2,0.9,1999,1,Overall CPI
1999-02-01,overall,3.8,0.1,1999,2,Overall CPI
1999-03-01,overall,3.0,-0.1,1999,3,Overall CPI
1999-04-01,overall,2.9,0.0,1999,4,Overall CPI
1999-05-01,overall,3.0,0.4,1999,5,Overall CPI
1999-06-01,overall,2.1,-0.1,1999,6,Overall CPI
1999-07-01,overall,2.5,0.1,1999,7,Overall CPI
1999-08-01,overall,2.2,-0.1,1999,8,Overall CPI
1999-09-01,overall,2.1,0.0,1999,9,Overall CPI
1999-10-01,overall,2.1,0.0,1999,10,Overall CPI
1999-11-01,overall,1.5,0.3,1999,11,Overall CPI
1999-12-01,overall,2.6,1.1,1999,12,Overall CPI
2000-01-01,overall,1.6,0.0,2000,1,Overall CPI
2000-02-01,overall,1.6,0.1,2000,2,Overall CPI
2000-03-01,overall,1.6,-0.1,2000,3,Overall CPI
2000-04-01,overall,1.6,0.0,2000,4,Overall CPI
2000-05-01,overall,1.4,0.1,2000,5,Overall CPI
2000-06-01,overall,1.5,0.0,2000,6,Overall CPI
2000-07-01,overall,1.5,0.1,2000,7,Overall CPI
2000-08-01,overall,1.6,0.0,2000,8,Overall CPI
2000-09-01,overall,1.6,0.0,2000,9,Overall CPI
2000-10-01,overall,1.9,0.2,2000,10,Overall CPI
2000-11-01,overall,1.9,0.2,2000,11,Overall CPI
2000-12-01,overall,1.1,0.4,2000,12,Overall CPI
2001-01-01,overall,1.5,0.4,2001,1,Overall CPI
2001-02-01,overall,1.5,0.1,2001,2,Overall CPI
2001-03-01,overall,1.5,-0.1,2001,3,Overall CPI
2001-04-01,overall,1.6,0.1,2001,4,Overall CPI
2001-05-01,overall,1.5,0.0,2001,5,Overall CPI
2001-06-01,overall,1.5,0.0,2001,6,Overall CPI
2001-07-01,overall,1.4,0.0,2001,7,Overall CPI
2001-08-01,overall,1.2,-0.1,2001,8,Overall CPI
2001-09-01,overall,1.4,0.1,2001,9,Overall CPI
2001-10-01,overall,1.0,-0.1,2001,10,Overall CPI
2001-11-01,overall,1.5,0.7,2001,11,Overall CPI
2001-12-01,overall,1.2,0.1,2001,12,Overall CPI
2002-01-01,overall,1.1,0.2,2002,1,Overall CPI
2002-02-01,overall,1.2,0.2,2002,2,Overall CPI
2002-03-01,overall,2.1,0.7,2002,3,Overall CPI
2002-04-01,overall,1.8,-0.1,2002,4,Overall CPI
2002-05-01,overall,2.0,0.1,2002,5,Overall CPI
2002-06-01,overall,2.1,0.1,2002,6,Overall CPI
2002-07-01,overall,2.1,0.0,2002,7,Overall CPI
2002-08-01,overall,2.1,-0.1,2002,8,Overall CPI
2002-09-01,overall,2.1,0.1,2002,9,Overall CPI
2002-10-01,overall,2.1,-0.1,2002,10,Overall CPI
2002-11-01,overall,1.6,0.2,2002,11,Overall CPI
2002-12-01,overall,1.6,0.1,2002,12,Overall CPI
2003-01-01,overall,3.9,2.5,2003,1,Overall CPI
2003-02-01,overall,3.8,0.1,2003,2,Overall CPI
2003-03-01,overall,2.5,-0.5,2003,3,Overall CPI
2003-04-01,overall,2.7,0.0,2003,4,Overall CPI
2003-05-01,overall,1.6,-0.9,2003,5,Overall CPI
2003-06-01,overall,1.1,-0.4,2003,6,Overall CPI
2003-07-01,overall,1.0,-0.1,2003,7,Overall CPI
2003-08-01,overall,0.0,-1.1,2003,8,Overall CPI
2003-09-01,overall,-0.1,0.0,2003,9,Overall CPI
2003-10-01,overall,-0.5,-0.5,2003,10,Overall CPI
2003-11-01,overall,-1.2,-0.5,2003,11,Overall CPI
2003-12-01,overall,-1.8,-0.5,2003,12,Overall CPI
2004-01-01,overall,-0.5,3.9,2004,1,Overall CPI
2004-02-01,overall,-0.5,0.1,2004,2,Overall CPI
2004-03-01,overall,-0.2,-0.2,2004,3,Overall CPI
2004-04-01,overall,0.0,0.2,2004,4,Overall CPI
2004-05-01,overall,0.9,0.0,2004,5,Overall CPI
2004-06-01,overall,1.2,-0.1,2004,6,Overall CPI
2004-07-01,overall,1.3,0.0,2004,7,Overall CPI
2004-08-01,overall,2.0,-0.4,2004,8,Overall CPI
2004-09-01,overall,2.4,0.4,2004,9,Overall CPI
2004-10-01,overall,3.3,0.4,2004,10,Overall CPI
2004-11-01,overall,3.6,-0.1,2004,11,Overall CPI
2004-12-01,overall,3.9,-0.2,2004,12,Overall CPI
2005-01-01,overall,1.6,1.6,2005,1,Overall CPI
2005-02-01,overall,1.6,0.1,2005,2,Overall CPI
2005-03-01,overall,1.9,0.0,2005,3,Overall CPI
2005-04-01,overall,1.9,0.2,2005,4,Overall CPI
2005-05-01,overall,2.7,0.8,2005,5,Overall CPI
2005-06-01,overall,2.9,0.1,2005,6,Overall CPI
2005-07-01,overall,2.9,0.0,2005,7,Overall CPI
2005-08-01,overall,4.0,0.7,2005,8,Overall CPI
2005-09-01,overall,3.9,0.2,2005,9,Overall CPI
2005-10-01,overall,3.7,0.2,2005,10,Overall CPI
2005-11-01,overall,4.2,0.3,2005,11,Overall CPI
2005-12-01,overall,4.6,0.1,2005,12,Overall CPI
2006-01-01,overall,3.2,0.3,2006,1,Overall CPI
2006-02-01,overall,3.2,0.1,2006,2,Overall CPI
2006-03-01,overall,4.7,1.5,2006,3,Overall CPI
2006-04-01,overall,4.5,0.0,2006,4,Overall CPI
2006-05-01,overall,3.9,0.2,2006,5,Overall CPI
2006-06-01,overall,4.0,0.2,2006,6,Overall CPI
2006-07-01,overall,4.1,0.1,2006,7,Overall CPI
2006-08-01,overall,3.3,-0.1,2006,8,Overall CPI
2006-09-01,overall,3.3,0.2,2006,9,Overall CPI
2006-10-01,overall,3.0,0.0,2006,10,Overall CPI
2006-11-01,overall,3.0,0.3,2006,11,Overall CPI
2006-12-01,overall,3.1,0.2,2006,12,Overall CPI
2007-01-01,overall,3.2,0.4,2007,1,Overall CPI
2007-02-01,overall,3.1,0.0,2007,2,Overall CPI
2007-03-01,overall,1.5,-0.1,2007,3,Overall CPI
2007-04-01,overall,1.5,0.0,2007,4,Overall CPI
2007-05-01,overall,1.4,0.1,2007,5,Overall CPI
2007-06-01,overall,1.4,0.2,2007,6,Overall CPI
2007-07-01,overall,1.6,0.3,2007,7,Overall CPI
2007-08-01,overall,2.0,0.2,2007,8,Overall CPI
2007-09-01,overall,1.9,0.1,2007,9,Overall CPI
2007-10-01,overall,2.0,0.1,2007,10,Overall CPI
2007-11-01,overall,2.3,0.6,2007,11,Overall CPI
2007-12-01,overall,2.3,0.2,2007,12,Overall CPI
2008-01-01,overall,2.3,0.4,2008,1,Overall CPI
2008-02-01,overall,2.6,0.3,2008,2,Overall CPI
2008-03-01,overall,2.7,0.0,2008,3,Overall CPI
2008-04-01,overall,3.0,0.3,2008,4,Overall CPI
2008-05-01,overall,3.8,0.8,2008,5,Overall CPI
2008-06-01,overall,7.7,4.0,2008,6,Overall CPI
2008-07-01,overall,8.5,1.1,2008,7,Overall CPI
2008-08-01,overall,8.5,0.2,2008,8,Overall CPI
2008-09-01,overall,8.2,-0.2,2008,9,Overall CPI
2008-10-01,overall,7.6,-0.4,2008,10,Overall CPI
2008-11-01,overall,5.7,-1.2,2008,11,Overall CPI
2008-12-01,overall,4.5,-0.9,2008,12,Overall CPI
2009-01-01,overall,3.9,-0.1,2009,1,Overall CPI
2009-02-01,overall,3.8,0.2,2009,2,Overall CPI
2009-03-01,overall,3.6,-0.2,2009,3,Overall CPI
2009-04-01,overall,3.1,-0.2,2009,4,Overall CPI
2009-05-01,overall,2.4,0.2,2009,5,Overall CPI
2009-06-01,overall,-1.4,0.1,2009,6,Overall CPI
2009-07-01,overall,-2.4,0.1,2009,7,Overall CPI
2009-08-01,overall,-2.5,0.1,2009,8,Overall CPI
2009-09-01,overall,-2.0,0.3,2009,9,Overall CPI
2009-10-01,overall,-1.5,0.1,2009,10,Overall CPI
2009-11-01,overall,-0.1,0.2,2009,11,Overall CPI
2009-12-01,overall,1.0,0.2,2009,12,Overall CPI
2010-01-01,overall,1.4,0.3,2010,1,Overall CPI
2010-02-01,overall,1.2,0.0,2010,2,Overall CPI
2010-03-01,overall,1.4,0.0,2010,3,Overall CPI
2010-04-01,overall,1.6,0.0,2010,4,Overall CPI
2010-05-01,overall,1.6,0.2,2010,5,Overall CPI
2010-06-01,overall,1.6,0.1,2010,6,Overall CPI
2010-07-01,overall,1.8,0.3,2010,7,Overall CPI
2010-08-01,overall,2.0,0.3,2010,8,Overall CPI
2010-09-01,overall,1.8,0.1,2010,9,Overall CPI
2010-10-01,overall,1.9,0.2,2010,10,Overall CPI
2010-11-01,overall,1.9,0.2,2010,11,Overall CPI
2010-12-01,overall,2.1,0.4,2010,12,Overall CPI
2011-01-01,overall,2.4,0.6,2011,1,Overall CPI
2011-02-01,overall,2.9,0.5,2011,2,Overall CPI
2011-03-01,overall,3.0,0.1,2011,3,Overall CPI
2011-04-01,overall,3.2,0.2,2011,4,Overall CPI
2011-05-01,overall,3.3,0.3,2011,5,Overall CPI
2011-06-01,overall,3.5,0.3,2011,6,Overall CPI
2011-07-01,overall,3.4,0.2,2011,7,Overall CPI
2011-08-01,overall,3.3,0.2,2011,8,Overall CPI
2011-09-01,overall,3.5,0.3,2011,9,Overall CPI
2011-10-01,overall,3.4,0.1,2011,10,Overall CPI
2011-11-01,overall,3.3,0.1,2011,11,Overall CPI
2011-12-01,overall,3.0,0.1,2011,12,Overall CPI
2012-01-01,overall,2.7,0.3,2012,1,Overall CPI
2012-02-01,overall,2.2,0.0,2012,2,Overall CPI
2012-03-01,overall,2.1,0.0,2012,3,Overall CPI
2012-04-01,overall,1.9,0.0,2012,4,Overall CPI
2012-05-01,overall,1.7,0.2,2012,5,Overall CPI
2012-06-01,overall,1.6,0.1,2012,6,Overall CPI
2012-07-01,overall,1.4,0.0,2012,7,Overall CPI
2012-08-01,overall,1.4,0.2,2012,8,Overall CPI
2012-09-01,overall,1.3,0.2,2012,9,Overall CPI
2012-10-01,overall,1.3,0.2,2012,10,Overall CPI
2012-11-01,overall,1.3,0.1,2012,11,Overall CPI
2012-12-01,overall,1.2,0.0,2012,12,Overall CPI
2013-01-01,overall,1.3,0.4,2013,1,Overall CPI
2013-02-01,overall,1.5,0.2,2013,2,Overall CPI
2013-03-01,overall,1.6,0.1,2013,3,Overall CPI
2013-04-01,overall,1.7,0.1,2013,4,Overall CPI
2013-05-01,overall,1.8,0.3,2013,5,Overall CPI
2013-06-01,overall,1.8,0.1,2013,6,Overall CPI
2013-07-01,overall,2.0,0.2,2013,7,Overall CPI
2013-08-01,overall,1.9,0.1,2013,8,Overall CPI
2013-09-01,overall,2.6,0.8,2013,9,Overall CPI
2013-10-01,overall,2.8,0.4,2013,10,Overall CPI
2013-11-01,overall,2.9,0.3,2013,11,Overall CPI
2013-12-01,overall,3.2,0.3,2013,12,Overall CPI
2014-01-01,overall,3.4,0.6,2014,1,Overall CPI
2014-02-01,overall,3.5,0.3,2014,2,Overall CPI
2014-03-01,overall,3.5,0.1,2014,3,Overall CPI
2014-04-01,overall,3.4,0.0,2014,4,Overall CPI
2014-05-01,overall,3.2,0.1,2014,5,Overall CPI
2014-06-01,overall,3.3,0.2,2014,6,Overall CPI
2014-07-01,overall,3.2,0.1,2014,7,Overall CPI
2014-08-01,overall,3.3,0.2,2014,8,Overall CPI
2014-09-01,overall,2.6,0.2,2014,9,Overall CPI
2014-10-01,overall,2.8,0.5,2014,10,Overall CPI
2014-11-01,overall,3.0,0.5,2014,11,Overall CPI
2014-12-01,overall,2.7,-0.1,2014,12,Overall CPI
2015-01-01,overall,1.0,-1.1,2015,1,Overall CPI
2015-02-01,overall,0.1,-0.6,2015,2,Overall CPI
2015-03-01,overall,0.9,0.9,2015,3,Overall CPI
2015-04-01,overall,1.8,0.9,2015,4,Overall CPI
2015-05-01,overall,2.1,0.4,2015,5,Overall CPI
2015-06-01,overall,2.5,0.6,2015,6,Overall CPI
2015-07-01,overall,3.3,0.8,2015,7,Overall CPI
2015-08-01,overall,3.1,0.0,2015,8,Overall CPI
2015-09-01,overall,2.6,-0.3,2015,9,Overall CPI
2015-10-01,overall,2.5,0.4,2015,10,Overall CPI
2015-11-01,overall,2.6,0.6,2015,11,Overall CPI
2015-12-01,overall,2.7,0.0,2015,12,Overall CPI
2016-01-01,overall,3.5,-0.3,2016,1,Overall CPI
2016-02-01,overall,4.2,0.0,2016,2,Overall CPI
2016-03-01,overall,2.6,-0.6,2016,3,Overall CPI
2016-04-01,overall,2.1,0.4,2016,4,Overall CPI
2016-05-01,overall,2.0,0.3,2016,5,Overall CPI
2016-06-01,overall,1.6,0.2,2016,6,Overall CPI
2016-07-01,overall,1.1,0.3,2016,7,Overall CPI
2016-08-01,overall,1.5,0.4,2016,8,Overall CPI
2016-09-01,overall,1.5,-0.3,2016,9,Overall CPI
2016-10-01,overall,1.4,0.3,2016,10,Overall CPI
2016-11-01,overall,1.7,1.0,2016,11,Overall CPI
2016-12-01,overall,1.7,0.0,2016,12,Overall CPI
2017-01-01,overall,3.1,1.1,2017,1,Overall CPI
2017-02-01,overall,4.5,1.3,2017,2,Overall CPI
2017-03-01,overall,4.9,-0.2,2017,3,Overall CPI
2017-04-01,overall,4.3,-0.2,2017,4,Overall CPI
2017-05-01,overall,3.8,-0.2,2017,5,Overall CPI
2017-06-01,overall,3.4,-0.3,2017,6,Overall CPI
2017-07-01,overall,3.1,0.0,2017,7,Overall CPI
2017-08-01,overall,3.6,0.9,2017,8,Overall CPI
2017-09-01,overall,4.2,0.3,2017,9,Overall CPI
2017-10-01,overall,3.7,-0.1,2017,10,Overall CPI
2017-11-01,overall,3.4,0.7,2017,11,Overall CPI
2017-12-01,overall,3.5,0.1,2017,12,Overall CPI
2018-01-01,overall,2.7,0.3,2018,1,Overall CPI
2018-02-01,overall,1.4,0.0,2018,2,Overall CPI
2018-03-01,overall,1.3,-0.3,2018,3,Overall CPI
2018-04-01,overall,1.4,0.0,2018,4,Overall CPI
2018-05-01,overall,1.8,0.2,2018,5,Overall CPI
2018-06-01,overall,0.8,-1.2,2018,6,Overall CPI
2018-07-01,overall,0.9,0.2,2018,7,Overall CPI
2018-08-01,overall,0.2,0.2,2018,8,Overall CPI
2018-09-01,overall,0.3,0.4,2018,9,Overall CPI
2018-10-01,overall,0.6,0.2,2018,10,Overall CPI
2018-11-01,overall,0.2,0.2,2018,11,Overall CPI
2018-12-01,overall,0.2,0.1,2018,12,Overall CPI
2019-01-01,overall,-0.7,-0.5,2019,1,Overall CPI
2019-02-01,overall,-0.4,0.2,2019,2,Overall CPI
2019-03-01,overall,0.2,0.2,2019,3,Overall CPI
2019-04-01,overall,0.2,0.0,2019,4,Overall CPI
2019-05-01,overall,0.2,0.2,2019,5,Overall CPI
2019-06-01,overall,1.5,0.0,2019,6,Overall CPI
2019-07-01,overall,1.4,0.1,2019,7,Overall CPI
2019-08-01,overall,1.5,0.2,2019,8,Overall CPI
2019-09-01,overall,1.1,0.0,2019,9,Overall CPI
2019-10-01,overall,1.1,0.2,2019,10,Overall CPI
2019-11-01,overall,0.9,0.1,2019,11,Overall CPI
2019-12-01,overall,1.0,0.2,2019,12,Overall CPI
2020-01-01,overall,1.6,0.1,2020,1,Overall CPI
2020-02-01,overall,1.3,0.0,2020,2,Overall CPI
2020-03-01,overall,-0.2,-1.2,2020,3,Overall CPI
2020-04-01,overall,-2.9,-2.7,2020,4,Overall CPI
2020-05-01,overall,-2.9,0.3,2020,5,Overall CPI
2020-06-01,overall,-1.9,1.0,2020,6,Overall CPI
2020-07-01,overall,-1.3,0.7,2020,7,Overall CPI
2020-08-01,overall,-1.4,0.2,2020,8,Overall CPI
2020-09-01,overall,-1.4,0.0,2020,9,Overall CPI
2020-10-01,overall,-1.5,0.1,2020,10,Overall CPI
2020-11-01,overall,-1.7,-0.2,2020,11,Overall CPI
2020-12-01,overall,-1.4,0.5,2020,12,Overall CPI
2021-01-01,overall,-0.2,1.2,2021,1,Overall CPI
2021-02-01,overall,0.1,0.3,2021,2,Overall CPI
2021-03-01,overall,1.7,0.3,2021,3,Overall CPI
2021-04-01,overall,4.7,0.2,2021,4,Overall CPI
2021-05-01,overall,4.4,0.0,2021,5,Overall CPI
2021-06-01,overall,3.4,0.1,2021,6,Overall CPI
2021-07-01,overall,2.2,-0.6,2021,7,Overall CPI
2021-08-01,overall,2.0,0.0,2021,8,Overall CPI
2021-09-01,overall,2.2,0.2,2021,9,Overall CPI
2021-10-01,overall,2.9,0.7,2021,10,Overall CPI
2021-11-01,overall,3.3,0.2,2021,11,Overall CPI
2021-12-01,overall,3.2,0.4,2021,12,Overall CPI
2022-01-01,overall,2.3,0.3,2022,1,Overall CPI
2022-02-01,overall,2.2,0.2,2022,2,Overall CPI
2022-03-01,overall,2.2,0.3,2022,3,Overall CPI
2022-04-01,overall,2.3,0.2,2022,4,Overall CPI
2022-05-01,overall,2.8,0.6,2022,5,Overall CPI
2022-06-01,overall,3.4,0.6,2022,6,Overall CPI
2022-07-01,overall,4.4,0.4,2022,7,Overall CPI
2022-08-01,overall,4.7,0.2,2022,8,Overall CPI
2022-09-01,overall,4.5,0.1,2022,9,Overall CPI
2022-10-01,overall,4.0,0.2,2022,10,Overall CPI
2022-11-01,overall,4.0,0.3,2022,11,Overall CPI
2022-12-01,overall,3.8,0.2,2022,12,Overall CPI
2023-01-01,overall,3.7,0.2,2023,1,Overall CPI
2023-02-01,overall,3.7,0.2,2023,2,Overall CPI
2023-03-01,overall,3.4,0.1,2023,3,Overall CPI
2023-04-01,overall,3.3,0.1,2023,4,Overall CPI
2023-05-01,overall,2.8,0.2,2023,5,Overall CPI
2023-06-01,overall,2.4,0.2,2023,6,Overall CPI
2023-07-01,overall,2.0,0.1,2023,7,Overall CPI
2023-08-01,overall,2.0,0.2,2023,8,Overall CPI
2023-09-01,overall,1.9,0.1,2023,9,Overall CPI
2023-10-01,overall,1.8,0.1,2023,10,Overall CPI
2023-11-01,overall,1.5,0.0,2023,11,Overall CPI
2023-12-01,overall,1.5,0.2,2023,12,Overall CPI
2024-01-01,overall,1.5,0.2,2024,1,Overall CPI
2024-02-01,overall,1.8,0.5,2024,2,Overall CPI
2024-03-01,overall,1.8,0.1,2024,3,Overall CPI
2024-04-01,overall,1.8,0.2,2024,4,Overall CPI
2024-05-01,overall,2.0,0.3,2024,5,Overall CPI
2024-06-01,overall,2.0,0.2,2024,6,Overall CPI
2024-07-01,overall,2.0,0.1,2024,7,Overall CPI
2024-08-01,overall,1.9,0.1,2024,8,Overall CPI
2024-09-01,overall,1.8,0.0,2024,9,Overall CPI
2024-10-01,overall,1.9,0.2,2024,10,Overall CPI
2024-11-01,overall,1.8,-0.1,2024,11,Overall CPI
2024-12-01,overall,1.7,0.1,2024,12,Overall CPI
2025-01-01,overall,1.7,0.1,2025,1,Overall CPI
2025-02-01,overall,1.5,0.4,2025,2,Overall CPI
2025-03-01,overall,1.4,0.0,2025,3,Overall CPI
2025-04-01,overall,1.4,0.1,2025,4,Overall CPI
2025-05-01,overall,1.2,0.1,2025,5,Overall CPI
2025-06-01,overall,1.1,0.1,2025,6,Overall CPI
2025-07-01,overall,1.2,0.1,2025,7,Overall CPI
2025-08-01,overall,1.3,0.1,2025,8,Overall CPI
2025-09-01,overall,1.5,0.2,2025,9,Overall CPI
2025-10-01,overall,1.3,-0.1,2025,10,Overall CPI
2025-11-01,overall,1.4,0.0,2025,11,Overall CPI
2025-12-01,overall,1.6,0.3,2025,12,Overall CPI
2026-01-01,overall,1.6,0.1,2026,1,Overall CPI
2026-02-01,overall,1.4,0.2,2026,2,Overall CPI
2026-03-01,overall,1.7,0.3,2026,3,Overall CPI
2026-04-01,overall,1.9,0.4,2026,4,Overall CPI
