state,district,poverty_abs_2019,poverty_abs_2022,poverty_rel_2019,poverty_rel_2022,poverty_abs_change,poverty_rel_change
Johor,Batu Pahat,2.9,5.1,9.0,19.4,2.1999999999999997,10.399999999999999
Johor,Johor Bahru,3.3,3.7,12.8,10.4,0.40000000000000036,-2.4000000000000004
Johor,Kluang,5.0,7.2,24.9,27.4,2.2,2.5
Johor,Kota Tinggi,6.0,5.0,20.8,17.0,-1.0,-3.8000000000000007
Johor,Kulai,3.2,0.4,10.1,7.4,-2.8000000000000003,-2.6999999999999993
Johor,Mersing,12.1,12.7,41.2,33.1,0.5999999999999996,-8.100000000000001
Johor,Muar,4.1,6.1,14.8,23.5,2.0,8.7
Johor,Pontian,5.8,5.1,23.0,21.1,-0.7000000000000002,-1.8999999999999986
Johor,Segamat,2.9,7.4,20.5,23.3,4.5,2.8000000000000007
Johor,Tangkak,3.7,6.9,16.7,28.2,3.2,11.5
Kedah,Baling,17.9,14.4,23.9,19.7,-3.4999999999999982,-4.199999999999999
Kedah,Bandar Baharu,7.2,3.9,12.6,14.5,-3.3000000000000003,1.9000000000000004
Kedah,Kota Setar,6.4,5.1,8.1,9.5,-1.3000000000000007,1.4000000000000004
Kedah,Kuala Muda,10.9,13.8,13.7,15.7,2.9000000000000004,2.0
Kedah,Kubang Pasu,4.8,3.3,5.5,6.1,-1.5,0.5999999999999996
Kedah,Kulim,9.9,11.4,10.5,11.3,1.5,0.8000000000000007
Kedah,Langkawi,0.9,5.7,1.3,5.5,4.8,4.2
Kedah,Padang Terap,9.1,8.9,5.3,11.3,-0.1999999999999993,6.000000000000001
Kedah,Pendang,8.1,7.3,9.5,12.5,-0.7999999999999998,3.0
Kedah,Pokok Sena,7.3,7.2,8.6,9.2,-0.09999999999999964,0.5999999999999996
Kedah,Sik,7.6,4.0,8.9,9.4,-3.5999999999999996,0.5
Kedah,Yan,12.7,6.0,24.1,12.4,-6.699999999999999,-11.700000000000001
Kelantan,Bachok,13.1,12.1,10.7,10.4,-1.0,-0.29999999999999893
Kelantan,Gua Musang,17.2,18.5,16.3,12.0,1.3000000000000007,-4.300000000000001
Kelantan,Jeli,18.5,11.3,9.6,17.9,-7.199999999999999,8.299999999999999
Kelantan,Kecil Lojing,33.3,43.8,11.1,43.8,10.5,32.699999999999996
Kelantan,Kota Bharu,9.1,10.5,7.5,7.5,1.4000000000000004,0.0
Kelantan,Kuala Krai,22.4,22.4,17.3,30.6,0.0,13.3
Kelantan,Machang,7.1,12.0,8.8,14.6,4.9,5.799999999999999
Kelantan,Pasir Mas,13.1,9.0,9.5,10.9,-4.1,1.4000000000000004
Kelantan,Pasir Puteh,12.7,15.9,12.1,12.3,3.200000000000001,0.20000000000000107
Kelantan,Tanah Merah,12.0,17.9,8.9,14.7,5.899999999999999,5.799999999999999
Kelantan,Tumpat,12.5,13.5,8.7,11.2,1.0,2.5
Melaka,Alor Gajah,3.8,4.8,18.8,14.1,1.0,-4.700000000000001
Melaka,Jasin,3.0,5.5,17.4,16.0,2.5,-1.3999999999999986
Melaka,Melaka Tengah,4.2,3.7,16.2,12.2,-0.5,-4.0
Negeri Sembilan,Jelebu,5.2,7.3,18.4,29.9,2.0999999999999996,11.5
Negeri Sembilan,Jempol,6.2,8.0,14.4,21.8,1.7999999999999998,7.4
Negeri Sembilan,Kuala Pilah,8.3,6.8,23.0,31.5,-1.5000000000000009,8.5
Negeri Sembilan,Port Dickson,4.3,4.9,10.0,13.8,0.6000000000000005,3.8000000000000007
Negeri Sembilan,Rembau,5.7,3.0,20.8,19.0,-2.7,-1.8000000000000007
Negeri Sembilan,Seremban,3.2,3.0,7.9,7.5,-0.20000000000000018,-0.40000000000000036
Negeri Sembilan,Tampin,4.8,7.3,18.6,21.5,2.5,2.8999999999999986
Pahang,Bentong,3.3,2.8,3.9,0.0,-0.5,-3.9
Pahang,Bera,2.9,8.5,8.5,10.0,5.6,1.5
Pahang,Cameron Highlands,0.4,1.9,1.3,0.0,1.5,-1.3
Pahang,Jerantut,9.9,8.6,10.0,15.3,-1.3000000000000007,5.300000000000001
Pahang,Kuantan,1.8,4.1,3.0,5.0,2.3,2.0
Pahang,Lipis,5.8,9.2,8.4,8.6,3.3999999999999995,0.1999999999999993
Pahang,Maran,6.4,8.8,8.4,12.1,2.4000000000000004,3.6999999999999993
Pahang,Pekan,6.6,11.6,8.9,15.4,5.0,6.5
Pahang,Raub,4.7,2.3,3.9,1.1,-2.4000000000000004,-2.8
Pahang,Rompin,6.7,12.0,6.3,14.9,5.3,8.600000000000001
Pahang,Temerloh,6.1,6.6,10.2,8.7,0.5,-1.5
Perak,Bagan Datuk,6.4,12.4,11.0,19.8,6.0,8.8
Perak,Batang Padang,7.1,13.3,12.6,18.1,6.200000000000001,5.500000000000002
Perak,Hilir Perak,12.0,14.8,16.5,22.3,2.8000000000000007,5.800000000000001
Perak,Hulu Perak,12.9,16.3,19.2,18.5,3.4000000000000004,-0.6999999999999993
Perak,Kampar,7.0,4.7,16.7,10.3,-2.3,-6.399999999999999
Perak,Kerian,6.0,8.7,8.3,18.9,2.6999999999999993,10.599999999999998
Perak,Kinta,4.9,3.8,9.9,9.4,-1.1000000000000005,-0.5
Perak,Kuala Kangsar,10.6,13.0,14.4,17.2,2.4000000000000004,2.799999999999999
Perak,Larut dan Matang,7.9,9.2,8.3,14.4,1.299999999999999,6.1
Perak,Manjung,6.9,3.8,8.8,11.1,-3.1000000000000005,2.299999999999999
Perak,Muallim,11.6,9.2,14.2,14.8,-2.4000000000000004,0.6000000000000014
Perak,Perak Tengah,10.0,11.1,14.2,17.3,1.0999999999999996,3.1000000000000014
Perak,Selama,,5.3,,18.9,,
Perlis,Perlis,3.9,4.0,12.0,12.6,0.10000000000000009,0.5999999999999996
Pulau Pinang,Barat Daya,1.0,1.4,10.8,9.0,0.3999999999999999,-1.8000000000000007
Pulau Pinang,Seberang Perai Selatan,2.1,3.1,15.3,18.2,1.0,2.8999999999999986
Pulau Pinang,Seberang Perai Tengah,2.3,2.4,16.9,16.6,0.10000000000000009,-0.29999999999999716
Pulau Pinang,Seberang Perai Utara,4.6,3.7,18.1,18.7,-0.8999999999999995,0.5999999999999979
Pulau Pinang,Timur Laut,0.5,0.7,8.6,14.5,0.19999999999999996,5.9
Sabah,Beaufort,21.0,19.8,19.1,13.8,-1.1999999999999993,-5.300000000000001
Sabah,Beluran,45.0,37.7,33.3,29.1,-7.299999999999997,-4.199999999999996
Sabah,Kalabakan,,33.3,,21.8,,
Sabah,Keningau,17.1,18.8,10.9,10.3,1.6999999999999993,-0.5999999999999996
Sabah,Kinabatangan,32.1,28.9,19.1,18.2,-3.200000000000003,-0.9000000000000021
Sabah,Kota Belud,34.0,27.8,31.1,29.8,-6.199999999999999,-1.3000000000000007
Sabah,Kota Kinabalu,7.5,10.3,5.1,8.0,2.8000000000000007,2.9000000000000004
Sabah,Kota Marudu,46.1,49.9,42.3,38.4,3.799999999999997,-3.8999999999999986
Sabah,Kuala Penyu,29.7,17.6,20.0,20.6,-12.099999999999998,0.6000000000000014
Sabah,Kudat,41.5,34.7,36.5,32.5,-6.799999999999997,-4.0
Sabah,Kunak,26.0,25.4,13.5,13.9,-0.6000000000000014,0.40000000000000036
Sabah,Lahad Datu,19.3,23.5,9.0,14.6,4.199999999999999,5.6
Sabah,Nabawan,35.6,27.1,12.7,10.4,-8.5,-2.299999999999999
Sabah,Papar,12.7,16.2,10.8,10.5,3.5,-0.3000000000000007
Sabah,Penampang,4.4,6.7,4.0,5.6,2.3,1.5999999999999996
Sabah,Pitas,53.6,52.7,56.6,46.7,-0.8999999999999986,-9.899999999999999
Sabah,Putatan,10.9,12.9,8.8,7.9,2.0,-0.9000000000000004
Sabah,Ranau,26.8,25.4,21.3,21.1,-1.4000000000000021,-0.1999999999999993
Sabah,Sandakan,18.2,17.7,11.5,10.0,-0.5,-1.5
Sabah,Semporna,31.5,28.0,18.0,16.9,-3.5,-1.1000000000000014
Sabah,Sipitang,10.5,22.1,6.2,15.1,11.600000000000001,8.899999999999999
Sabah,Tambunan,16.7,9.0,19.1,13.5,-7.699999999999999,-5.600000000000001
Sabah,Tawau,14.2,14.4,9.0,12.5,0.20000000000000107,3.5
Sabah,Telupid,40.7,20.8,35.5,16.7,-19.900000000000002,-18.8
Sabah,Tenom,17.2,15.8,11.3,12.4,-1.3999999999999986,1.0999999999999996
Sabah,Tongod,56.6,50.8,49.1,23.7,-5.800000000000004,-25.400000000000002
Sabah,Tuaran,16.7,25.8,16.5,19.2,9.100000000000001,2.6999999999999993
Sarawak,Asajaya,20.0,17.9,28.4,19.9,-2.1000000000000014,-8.5
Sarawak,Bau,9.6,8.3,13.0,18.7,-1.299999999999999,5.699999999999999
Sarawak,Belaga,6.9,19.5,21.4,28.1,12.6,6.700000000000003
Sarawak,Beluru,12.0,13.7,22.2,18.9,1.6999999999999993,-3.3000000000000007
Sarawak,Betong,22.4,9.8,31.3,21.3,-12.599999999999998,-10.0
Sarawak,Bintulu,2.1,3.5,2.6,1.9,1.4,-0.7000000000000002
Sarawak,Bukit Mabong,28.7,8.2,21.6,39.2,-20.5,17.6
Sarawak,Dalat,11.9,11.1,20.5,19.0,-0.8000000000000007,-1.5
Sarawak,Daro,18.5,32.5,25.8,34.5,14.0,8.7
Sarawak,Julau,13.0,31.2,43.2,46.8,18.2,3.5999999999999943
Sarawak,Kabong,16.1,8.6,32.7,26.9,-7.500000000000002,-5.800000000000004
Sarawak,Kanowit,21.9,24.9,41.8,45.7,3.0,3.9000000000000057
Sarawak,Kapit,3.8,20.6,18.2,37.9,16.8,19.7
Sarawak,Kuching,5.6,9.1,7.4,10.1,3.5,2.6999999999999993
Sarawak,Lawas,14.4,18.1,16.1,33.7,3.700000000000001,17.6
Sarawak,Limbang,11.0,14.6,16.2,20.5,3.5999999999999996,4.300000000000001
Sarawak,Lubok Antu,7.9,14.8,32.1,32.7,6.9,0.6000000000000014
Sarawak,Lundu,10.2,13.1,25.0,23.2,2.9000000000000004,-1.8000000000000007
Sarawak,Maradong,12.7,19.5,32.4,36.4,6.800000000000001,4.0
Sarawak,Marudi,16.9,12.9,26.1,20.6,-3.9999999999999982,-5.5
Sarawak,Matu,24.1,20.8,35.3,30.8,-3.3000000000000007,-4.4999999999999964
Sarawak,Miri,4.7,6.3,6.0,6.0,1.5999999999999996,0.0
Sarawak,Mukah,10.4,14.0,16.8,21.4,3.5999999999999996,4.599999999999998
Sarawak,Pakan,21.7,17.6,38.1,29.4,-4.099999999999998,-8.700000000000003
Sarawak,Pusa,23.0,17.2,44.0,28.0,-5.800000000000001,-16.0
Sarawak,Samarahan,4.7,7.9,6.5,6.7,3.2,0.20000000000000018
Sarawak,Saratok,13.8,7.4,28.6,12.6,-6.4,-16.0
Sarawak,Sarikei,9.1,20.9,25.4,30.0,11.799999999999999,4.600000000000001
Sarawak,Sebauh,7.4,4.8,14.5,16.9,-2.6000000000000005,2.3999999999999986
Sarawak,Selangau,14.3,19.6,38.2,38.0,5.300000000000001,-0.20000000000000284
Sarawak,Serian,16.8,14.6,20.0,22.7,-2.200000000000001,2.6999999999999993
Sarawak,Sibu,7.3,10.2,11.0,14.8,2.8999999999999995,3.8000000000000007
Sarawak,Simunjan,21.1,17.9,35.6,33.8,-3.200000000000003,-1.8000000000000043
Sarawak,Song,6.0,15.8,40.0,41.2,9.8,1.2000000000000028
Sarawak,Sri Aman,7.4,8.9,20.7,28.4,1.5,7.699999999999999
Sarawak,Subis,7.5,4.7,10.0,14.0,-2.8,4.0
Sarawak,Tanjung Manis,3.4,20.7,25.0,33.7,17.3,8.700000000000003
Sarawak,Tatau,5.0,5.9,8.7,14.1,0.9000000000000004,5.4
Sarawak,Tebedu,38.6,26.9,40.3,44.1,-11.700000000000003,3.8000000000000043
Sarawak,Telang Usan,13.6,6.0,23.7,20.5,-7.6,-3.1999999999999993
Selangor,Gombak,0.4,2.4,14.5,13.8,2.0,-0.6999999999999993
Selangor,Klang,1.7,2.2,16.6,20.3,0.5000000000000002,3.6999999999999993
Selangor,Kuala Langat,2.4,0.3,19.7,9.4,-2.1,-10.299999999999999
Selangor,Kuala Selangor,3.5,2.8,30.4,25.2,-0.7000000000000002,-5.199999999999999
Selangor,Petaling,1.1,1.6,14.4,14.9,0.5,0.5
Selangor,Sabak Bernam,4.7,5.3,46.2,42.6,0.5999999999999996,-3.6000000000000014
Selangor,Sepang,0.7,0.0,7.9,3.4,-0.7,-4.5
Selangor,Ulu Langat,0.6,0.5,10.5,7.0,-0.09999999999999998,-3.5
Selangor,Ulu Selangor,1.5,1.7,26.6,23.9,0.19999999999999996,-2.700000000000003
Terengganu,Besut,10.1,12.7,9.5,11.3,2.5999999999999996,1.8000000000000007
Terengganu,Dungun,5.1,2.2,6.1,2.4,-2.8999999999999995,-3.6999999999999997
Terengganu,Hulu Terengganu,7.9,10.8,19.7,16.2,2.9000000000000004,-3.5
Terengganu,Kemaman,4.6,4.1,5.6,5.8,-0.5,0.20000000000000018
Terengganu,Kuala Nerus,5.4,1.9,7.9,3.5,-3.5000000000000004,-4.4
Terengganu,Kuala Terengganu,4.4,5.9,4.8,5.0,1.5,0.20000000000000018
Terengganu,Marang,8.2,9.0,12.0,11.8,0.8000000000000007,-0.1999999999999993
Terengganu,Setiu,6.5,7.5,11.1,6.0,1.0,-5.1
W.P. Kuala Lumpur,W.P. Kuala Lumpur,0.2,1.4,10.6,12.7,1.2,2.0999999999999996
W.P. Labuan,W.P. Labuan,3.1,2.5,12.9,7.0,-0.6000000000000001,-5.9
W.P. Putrajaya,W.P. Putrajaya,0.4,0.1,12.1,11.4,-0.30000000000000004,-0.6999999999999993
